"ID","PARENT_ID","URI","FILE_PATH","NAME","METHOD","STATUS","SIZE","TYPE","EXT","LAST_MODIFIED","EXTENSION_MISMATCH","HASH","FORMAT_COUNT","PUID","MIME_TYPE","FORMAT_NAME","FORMAT_VERSION"
"1","","file:/data/","/data","data","","Done","","Folder","","2026-05-06T11:29:25","false","",""
"2","1","file:/data/d163_qdb-TEI-02.xml","/data/d163_qdb-TEI-02.xml","d163_qdb-TEI-02.xml","","Done","6695911","File","xml","2026-04-23T13:18:35","false","","0"
"3","1","file:/data/d144_153_qdb-TEI-02.xml","/data/d144_153_qdb-TEI-02.xml","d144_153_qdb-TEI-02.xml","","Done","238992","File","xml","2026-04-23T13:18:33","false","","0"
"4","1","file:/data/d157_qdb-TEI-02.xml","/data/d157_qdb-TEI-02.xml","d157_qdb-TEI-02.xml","","Done","4650526","File","xml","2026-04-23T13:18:33","false","","0"
"5","1","file:/data/d154_156_qdb-TEI-02.xml","/data/d154_156_qdb-TEI-02.xml","d154_156_qdb-TEI-02.xml","","Done","1339750","File","xml","2026-04-23T13:18:33","false","","0"
"6","1","file:/data/d161_qdb-TEI-02.xml","/data/d161_qdb-TEI-02.xml","d161_qdb-TEI-02.xml","","Done","6777550","File","xml","2026-04-23T13:18:35","false","","0"
"7","1","file:/data/d165_qdb-TEI-02.xml","/data/d165_qdb-TEI-02.xml","d165_qdb-TEI-02.xml","","Done","6631467","File","xml","2026-04-23T13:18:35","false","","0"
"8","1","file:/data/d159_qdb-TEI-02.xml","/data/d159_qdb-TEI-02.xml","d159_qdb-TEI-02.xml","","Done","8845082","File","xml","2026-04-23T13:18:34","false","","0"
"9","1","file:/data/d164_qdb-TEI-02.xml","/data/d164_qdb-TEI-02.xml","d164_qdb-TEI-02.xml","","Done","8014496","File","xml","2026-04-23T13:18:35","false","","0"
"10","1","file:/data/d158_qdb-TEI-02.xml","/data/d158_qdb-TEI-02.xml","d158_qdb-TEI-02.xml","","Done","15286315","File","xml","2026-04-23T13:18:34","false","","0"
"11","1","file:/data/d160_qdb-TEI-02.xml","/data/d160_qdb-TEI-02.xml","d160_qdb-TEI-02.xml","","Done","6838676","File","xml","2026-04-23T13:18:34","false","","0"
"12","1","file:/data/d162_qdb-TEI-02.xml","/data/d162_qdb-TEI-02.xml","d162_qdb-TEI-02.xml","","Done","4206293","File","xml","2026-04-23T13:18:35","false","","0"
"13","1","file:/data/d170_qdb-TEI-02.xml","/data/d170_qdb-TEI-02.xml","d170_qdb-TEI-02.xml","","Done","6925089","File","xml","2026-04-23T13:18:36","false","","0"
"14","1","file:/data/d173_qdb-TEI-02.xml","/data/d173_qdb-TEI-02.xml","d173_qdb-TEI-02.xml","","Done","7714625","File","xml","2026-04-23T13:18:37","false","","0"
"15","1","file:/data/d167_qdb-TEI-02.xml","/data/d167_qdb-TEI-02.xml","d167_qdb-TEI-02.xml","","Done","11589724","File","xml","2026-04-23T13:18:36","false","","0"
"16","1","file:/data/d166_qdb-TEI-02.xml","/data/d166_qdb-TEI-02.xml","d166_qdb-TEI-02.xml","","Done","5725425","File","xml","2026-04-23T13:18:35","false","","0"
"17","1","file:/data/d168_qdb-TEI-02.xml","/data/d168_qdb-TEI-02.xml","d168_qdb-TEI-02.xml","","Done","7206180","File","xml","2026-04-23T13:18:36","false","","0"
"18","1","file:/data/d172_qdb-TEI-02.xml","/data/d172_qdb-TEI-02.xml","d172_qdb-TEI-02.xml","","Done","6010611","File","xml","2026-04-23T13:18:37","false","","0"
"19","1","file:/data/d169_qdb-TEI-02.xml","/data/d169_qdb-TEI-02.xml","d169_qdb-TEI-02.xml","","Done","7434142","File","xml","2026-04-23T13:18:36","false","","0"
"20","1","file:/data/d175_qdb-TEI-02.xml","/data/d175_qdb-TEI-02.xml","d175_qdb-TEI-02.xml","","Done","9069186","File","xml","2026-04-23T13:18:37","false","","0"
"21","1","file:/data/d176_qdb-TEI-02.xml","/data/d176_qdb-TEI-02.xml","d176_qdb-TEI-02.xml","","Done","6756680","File","xml","2026-04-23T13:18:37","false","","0"
"22","1","file:/data/d171_qdb-TEI-02.xml","/data/d171_qdb-TEI-02.xml","d171_qdb-TEI-02.xml","","Done","10527355","File","xml","2026-04-23T13:18:37","false","","0"
"23","1","file:/data/d174_qdb-TEI-02.xml","/data/d174_qdb-TEI-02.xml","d174_qdb-TEI-02.xml","","Done","4113188","File","xml","2026-04-23T13:18:37","false","","0"
"24","1","file:/data/d178_qdb-TEI-02.xml","/data/d178_qdb-TEI-02.xml","d178_qdb-TEI-02.xml","","Done","4749984","File","xml","2026-04-23T13:18:37","false","","0"
"25","1","file:/data/d177_qdb-TEI-02.xml","/data/d177_qdb-TEI-02.xml","d177_qdb-TEI-02.xml","","Done","6972705","File","xml","2026-04-23T13:18:37","false","","0"
"26","1","file:/data/d182_qdb-TEI-02.xml","/data/d182_qdb-TEI-02.xml","d182_qdb-TEI-02.xml","","Done","6694198","File","xml","2026-04-23T13:18:38","false","","0"
"27","1","file:/data/d183_qdb-TEI-02.xml","/data/d183_qdb-TEI-02.xml","d183_qdb-TEI-02.xml","","Done","5381963","File","xml","2026-04-23T13:18:38","false","","0"
"28","1","file:/data/d181_qdb-TEI-02.xml","/data/d181_qdb-TEI-02.xml","d181_qdb-TEI-02.xml","","Done","4956244","File","xml","2026-04-23T13:18:38","false","","0"
"29","1","file:/data/d180_qdb-TEI-02.xml","/data/d180_qdb-TEI-02.xml","d180_qdb-TEI-02.xml","","Done","5799430","File","xml","2026-04-23T13:18:38","false","","0"
"30","1","file:/data/d179_qdb-TEI-02.xml","/data/d179_qdb-TEI-02.xml","d179_qdb-TEI-02.xml","","Done","8560277","File","xml","2026-04-23T13:18:38","false","","0"
"31","1","file:/data/d185_qdb-TEI-02.xml","/data/d185_qdb-TEI-02.xml","d185_qdb-TEI-02.xml","","Done","2156976","File","xml","2026-04-23T13:18:38","false","","0"
"32","1","file:/data/d184_qdb-TEI-02.xml","/data/d184_qdb-TEI-02.xml","d184_qdb-TEI-02.xml","","Done","7353498","File","xml","2026-04-23T13:18:38","false","","0"
"33","1","file:/data/d187_qdb-TEI-02.xml","/data/d187_qdb-TEI-02.xml","d187_qdb-TEI-02.xml","","Done","5335235","File","xml","2026-04-23T13:18:39","false","","0"
"34","1","file:/data/d186_qdb-TEI-02.xml","/data/d186_qdb-TEI-02.xml","d186_qdb-TEI-02.xml","","Done","9420670","File","xml","2026-04-23T13:18:38","false","","0"
"35","1","file:/data/d189_qdb-TEI-02.xml","/data/d189_qdb-TEI-02.xml","d189_qdb-TEI-02.xml","","Done","5540660","File","xml","2026-04-23T13:18:39","false","","0"
"36","1","file:/data/d190_qdb-TEI-02.xml","/data/d190_qdb-TEI-02.xml","d190_qdb-TEI-02.xml","","Done","4042770","File","xml","2026-04-23T13:18:39","false","","0"
"37","1","file:/data/d191_qdb-TEI-02.xml","/data/d191_qdb-TEI-02.xml","d191_qdb-TEI-02.xml","","Done","8539587","File","xml","2026-04-23T13:18:39","false","","0"
"38","1","file:/data/d188_qdb-TEI-02.xml","/data/d188_qdb-TEI-02.xml","d188_qdb-TEI-02.xml","","Done","6495118","File","xml","2026-04-23T13:18:39","false","","0"
"39","1","file:/data/d192_qdb-TEI-02.xml","/data/d192_qdb-TEI-02.xml","d192_qdb-TEI-02.xml","","Done","5567683","File","xml","2026-04-23T13:18:39","false","","0"
"40","1","file:/data/d194_qdb-TEI-02.xml","/data/d194_qdb-TEI-02.xml","d194_qdb-TEI-02.xml","","Done","8161879","File","xml","2026-04-23T13:18:39","false","","0"
"41","1","file:/data/d195_qdb-TEI-02.xml","/data/d195_qdb-TEI-02.xml","d195_qdb-TEI-02.xml","","Done","7488991","File","xml","2026-04-23T13:18:40","false","","0"
"42","1","file:/data/d196_qdb-TEI-02.xml","/data/d196_qdb-TEI-02.xml","d196_qdb-TEI-02.xml","","Done","7954909","File","xml","2026-04-23T13:18:40","false","","0"
"43","1","file:/data/d198_qdb-TEI-02.xml","/data/d198_qdb-TEI-02.xml","d198_qdb-TEI-02.xml","","Done","4608495","File","xml","2026-04-23T13:18:40","false","","0"
"44","1","file:/data/d197_qdb-TEI-02.xml","/data/d197_qdb-TEI-02.xml","d197_qdb-TEI-02.xml","","Done","8482484","File","xml","2026-04-23T13:18:40","false","","0"
"45","1","file:/data/d193_qdb-TEI-02.xml","/data/d193_qdb-TEI-02.xml","d193_qdb-TEI-02.xml","","Done","7832894","File","xml","2026-04-23T13:18:39","false","","0"
"46","1","file:/data/d200_qdb-TEI-02.xml","/data/d200_qdb-TEI-02.xml","d200_qdb-TEI-02.xml","","Done","7206742","File","xml","2026-04-23T13:18:40","false","","0"
"47","1","file:/data/d201_qdb-TEI-02.xml","/data/d201_qdb-TEI-02.xml","d201_qdb-TEI-02.xml","","Done","5925384","File","xml","2026-04-23T13:18:41","false","","0"
"48","1","file:/data/d199_qdb-TEI-02.xml","/data/d199_qdb-TEI-02.xml","d199_qdb-TEI-02.xml","","Done","7653503","File","xml","2026-04-23T13:18:40","false","","0"
"49","1","file:/data/d203_qdb-TEI-02.xml","/data/d203_qdb-TEI-02.xml","d203_qdb-TEI-02.xml","","Done","5251092","File","xml","2026-04-23T13:18:41","false","","0"
"50","1","file:/data/d202_qdb-TEI-02.xml","/data/d202_qdb-TEI-02.xml","d202_qdb-TEI-02.xml","","Done","5519746","File","xml","2026-04-23T13:18:41","false","","0"
"51","1","file:/data/d204_qdb-TEI-02.xml","/data/d204_qdb-TEI-02.xml","d204_qdb-TEI-02.xml","","Done","7124673","File","xml","2026-04-23T13:18:41","false","","0"
"52","1","file:/data/e205_qdb-TEI-02.xml","/data/e205_qdb-TEI-02.xml","e205_qdb-TEI-02.xml","","Done","5637484","File","xml","2026-04-23T13:18:41","false","","0"
"53","1","file:/data/e208_qdb-TEI-02.xml","/data/e208_qdb-TEI-02.xml","e208_qdb-TEI-02.xml","","Done","7043249","File","xml","2026-04-23T13:18:41","false","","0"
"54","1","file:/data/e207_qdb-TEI-02.xml","/data/e207_qdb-TEI-02.xml","e207_qdb-TEI-02.xml","","Done","4779839","File","xml","2026-04-23T13:18:41","false","","0"
"55","1","file:/data/e206_qdb-TEI-02.xml","/data/e206_qdb-TEI-02.xml","e206_qdb-TEI-02.xml","","Done","2078518","File","xml","2026-04-23T13:18:41","false","","0"
"56","1","file:/data/e209_qdb-TEI-02.xml","/data/e209_qdb-TEI-02.xml","e209_qdb-TEI-02.xml","","Done","5126873","File","xml","2026-04-23T13:18:42","false","","0"
"57","1","file:/data/e210_qdb-TEI-02.xml","/data/e210_qdb-TEI-02.xml","e210_qdb-TEI-02.xml","","Done","8172554","File","xml","2026-04-23T13:18:42","false","","0"
"58","1","file:/data/e211_qdb-TEI-02.xml","/data/e211_qdb-TEI-02.xml","e211_qdb-TEI-02.xml","","Done","7192218","File","xml","2026-04-23T13:18:42","false","","0"
"59","1","file:/data/e212_qdb-TEI-02.xml","/data/e212_qdb-TEI-02.xml","e212_qdb-TEI-02.xml","","Done","2394427","File","xml","2026-04-23T13:18:42","false","","0"
"60","1","file:/data/e213_qdb-TEI-02.xml","/data/e213_qdb-TEI-02.xml","e213_qdb-TEI-02.xml","","Done","6920605","File","xml","2026-04-23T13:18:42","false","","0"
"61","1","file:/data/e215_qdb-TEI-02.xml","/data/e215_qdb-TEI-02.xml","e215_qdb-TEI-02.xml","","Done","11674912","File","xml","2026-04-23T13:18:42","false","","0"
"62","1","file:/data/e214_qdb-TEI-02.xml","/data/e214_qdb-TEI-02.xml","e214_qdb-TEI-02.xml","","Done","4517293","File","xml","2026-04-23T13:18:42","false","","0"
"63","1","file:/data/e217_qdb-TEI-02.xml","/data/e217_qdb-TEI-02.xml","e217_qdb-TEI-02.xml","","Done","6128090","File","xml","2026-04-23T13:18:43","false","","0"
"64","1","file:/data/e216_qdb-TEI-02.xml","/data/e216_qdb-TEI-02.xml","e216_qdb-TEI-02.xml","","Done","3756899","File","xml","2026-04-23T13:18:42","false","","0"
"65","1","file:/data/e218_qdb-TEI-02.xml","/data/e218_qdb-TEI-02.xml","e218_qdb-TEI-02.xml","","Done","6289860","File","xml","2026-04-23T13:18:43","false","","0"
"66","1","file:/data/e220_qdb-TEI-02.xml","/data/e220_qdb-TEI-02.xml","e220_qdb-TEI-02.xml","","Done","5910083","File","xml","2026-04-23T13:18:43","false","","0"
"67","1","file:/data/e219_qdb-TEI-02.xml","/data/e219_qdb-TEI-02.xml","e219_qdb-TEI-02.xml","","Done","5683874","File","xml","2026-04-23T13:18:43","false","","0"
"68","1","file:/data/e221_qdb-TEI-02.xml","/data/e221_qdb-TEI-02.xml","e221_qdb-TEI-02.xml","","Done","9417","File","xml","2026-04-23T13:18:43","false","","0"
"69","1","file:/data/export-qdb-TEI-02.xq","/data/export-qdb-TEI-02.xq","export-qdb-TEI-02.xq","","Done","97","File","xq","2026-04-23T13:33:51","false","","0"
"70","1","file:/data/e222_qdb-TEI-02.xml","/data/e222_qdb-TEI-02.xml","e222_qdb-TEI-02.xml","","Done","8907577","File","xml","2026-04-23T13:18:43","false","","0"
"71","1","file:/data/e223_qdb-TEI-02.xml","/data/e223_qdb-TEI-02.xml","e223_qdb-TEI-02.xml","","Done","4745735","File","xml","2026-04-23T13:18:43","false","","0"
"72","1","file:/data/e224_qdb-TEI-02.xml","/data/e224_qdb-TEI-02.xml","e224_qdb-TEI-02.xml","","Done","6707420","File","xml","2026-04-23T13:18:44","false","","0"
"73","1","file:/data/e225_qdb-TEI-02.xml","/data/e225_qdb-TEI-02.xml","e225_qdb-TEI-02.xml","","Done","8318841","File","xml","2026-04-23T13:18:44","false","","0"
"74","1","file:/data/f227_qdb-TEI-02.xml","/data/f227_qdb-TEI-02.xml","f227_qdb-TEI-02.xml","","Done","164715","File","xml","2026-04-23T13:18:44","false","","0"
"75","1","file:/data/e226_qdb-TEI-02.xml","/data/e226_qdb-TEI-02.xml","e226_qdb-TEI-02.xml","","Done","3827151","File","xml","2026-04-23T13:18:44","false","","0"
"76","1","file:/data/e227_qdb-TEI-02.xml","/data/e227_qdb-TEI-02.xml","e227_qdb-TEI-02.xml","","Done","2782847","File","xml","2026-04-23T13:18:44","false","","0"
"77","1","file:/data/f229_qdb-TEI-02.xml","/data/f229_qdb-TEI-02.xml","f229_qdb-TEI-02.xml","","Done","6653171","File","xml","2026-04-23T13:18:44","false","","0"
"78","1","file:/data/f228_qdb-TEI-02.xml","/data/f228_qdb-TEI-02.xml","f228_qdb-TEI-02.xml","","Done","5111146","File","xml","2026-04-23T13:18:44","false","","0"
"79","1","file:/data/f230_qdb-TEI-02.xml","/data/f230_qdb-TEI-02.xml","f230_qdb-TEI-02.xml","","Done","8617646","File","xml","2026-04-23T13:18:45","false","","0"
"80","1","file:/data/f232_qdb-TEI-02.xml","/data/f232_qdb-TEI-02.xml","f232_qdb-TEI-02.xml","","Done","5002167","File","xml","2026-04-23T13:18:45","false","","0"
"81","1","file:/data/f233_qdb-TEI-02.xml","/data/f233_qdb-TEI-02.xml","f233_qdb-TEI-02.xml","","Done","6454514","File","xml","2026-04-23T13:18:45","false","","0"
"82","1","file:/data/f235_qdb-TEI-02.xml","/data/f235_qdb-TEI-02.xml","f235_qdb-TEI-02.xml","","Done","10130854","File","xml","2026-04-23T13:18:45","false","","0"
"83","1","file:/data/f231_qdb-TEI-02.xml","/data/f231_qdb-TEI-02.xml","f231_qdb-TEI-02.xml","","Done","10904365","File","xml","2026-04-23T13:18:45","false","","0"
"84","1","file:/data/f237_qdb-TEI-02.xml","/data/f237_qdb-TEI-02.xml","f237_qdb-TEI-02.xml","","Done","9641308","File","xml","2026-04-23T13:18:46","false","","0"
"85","1","file:/data/f234_qdb-TEI-02.xml","/data/f234_qdb-TEI-02.xml","f234_qdb-TEI-02.xml","","Done","7450630","File","xml","2026-04-23T13:18:45","false","","0"
"86","1","file:/data/f238_qdb-TEI-02.xml","/data/f238_qdb-TEI-02.xml","f238_qdb-TEI-02.xml","","Done","10613010","File","xml","2026-04-23T13:18:46","false","","0"
"87","1","file:/data/f236_qdb-TEI-02.xml","/data/f236_qdb-TEI-02.xml","f236_qdb-TEI-02.xml","","Done","6645568","File","xml","2026-04-23T13:18:46","false","","0"
"88","1","file:/data/f240_qdb-TEI-02.xml","/data/f240_qdb-TEI-02.xml","f240_qdb-TEI-02.xml","","Done","4719109","File","xml","2026-04-23T13:18:46","false","","0"
"89","1","file:/data/f239_qdb-TEI-02.xml","/data/f239_qdb-TEI-02.xml","f239_qdb-TEI-02.xml","","Done","6412622","File","xml","2026-04-23T13:18:46","false","","0"
"90","1","file:/data/f243_qdb-TEI-02.xml","/data/f243_qdb-TEI-02.xml","f243_qdb-TEI-02.xml","","Done","11066514","File","xml","2026-04-23T13:18:47","false","","0"
"91","1","file:/data/f244_qdb-TEI-02.xml","/data/f244_qdb-TEI-02.xml","f244_qdb-TEI-02.xml","","Done","7085509","File","xml","2026-04-23T13:18:47","false","","0"
"92","1","file:/data/f241_qdb-TEI-02.xml","/data/f241_qdb-TEI-02.xml","f241_qdb-TEI-02.xml","","Done","8356647","File","xml","2026-04-23T13:18:47","false","","0"
"93","1","file:/data/f242_qdb-TEI-02.xml","/data/f242_qdb-TEI-02.xml","f242_qdb-TEI-02.xml","","Done","6374719","File","xml","2026-04-23T13:18:47","false","","0"
"94","1","file:/data/f245_qdb-TEI-02.xml","/data/f245_qdb-TEI-02.xml","f245_qdb-TEI-02.xml","","Done","7949734","File","xml","2026-04-23T13:18:47","false","","0"
"95","1","file:/data/f246_qdb-TEI-02.xml","/data/f246_qdb-TEI-02.xml","f246_qdb-TEI-02.xml","","Done","7458976","File","xml","2026-04-23T13:18:47","false","","0"
"96","1","file:/data/f247_qdb-TEI-02.xml","/data/f247_qdb-TEI-02.xml","f247_qdb-TEI-02.xml","","Done","7893062","File","xml","2026-04-23T13:18:48","false","","0"
"97","1","file:/data/f248_qdb-TEI-02.xml","/data/f248_qdb-TEI-02.xml","f248_qdb-TEI-02.xml","","Done","8426843","File","xml","2026-04-23T13:18:48","false","","0"
"98","1","file:/data/f250_qdb-TEI-02.xml","/data/f250_qdb-TEI-02.xml","f250_qdb-TEI-02.xml","","Done","13124986","File","xml","2026-04-23T13:18:48","false","","0"
"99","1","file:/data/f251_qdb-TEI-02.xml","/data/f251_qdb-TEI-02.xml","f251_qdb-TEI-02.xml","","Done","2394197","File","xml","2026-04-23T13:18:48","false","","0"
"100","1","file:/data/f249_qdb-TEI-02.xml","/data/f249_qdb-TEI-02.xml","f249_qdb-TEI-02.xml","","Done","10383342","File","xml","2026-04-23T13:18:48","false","","0"
"101","1","file:/data/f254_qdb-TEI-02.xml","/data/f254_qdb-TEI-02.xml","f254_qdb-TEI-02.xml","","Done","9073299","File","xml","2026-04-23T13:18:49","false","","0"
"102","1","file:/data/f253_qdb-TEI-02.xml","/data/f253_qdb-TEI-02.xml","f253_qdb-TEI-02.xml","","Done","5973636","File","xml","2026-04-23T13:18:49","false","","0"
"103","1","file:/data/f257_qdb-TEI-02.xml","/data/f257_qdb-TEI-02.xml","f257_qdb-TEI-02.xml","","Done","7418668","File","xml","2026-04-23T13:18:50","false","","0"
"104","1","file:/data/f252_qdb-TEI-02.xml","/data/f252_qdb-TEI-02.xml","f252_qdb-TEI-02.xml","","Done","8639888","File","xml","2026-04-23T13:18:49","false","","0"
"105","1","file:/data/f255_qdb-TEI-02.xml","/data/f255_qdb-TEI-02.xml","f255_qdb-TEI-02.xml","","Done","10205102","File","xml","2026-04-23T13:18:49","false","","0"
"106","1","file:/data/f256_qdb-TEI-02.xml","/data/f256_qdb-TEI-02.xml","f256_qdb-TEI-02.xml","","Done","7915487","File","xml","2026-04-23T13:18:49","false","","0"
"107","1","file:/data/f259_qdb-TEI-02.xml","/data/f259_qdb-TEI-02.xml","f259_qdb-TEI-02.xml","","Done","9380841","File","xml","2026-04-23T13:18:50","false","","0"
"108","1","file:/data/f258_qdb-TEI-02.xml","/data/f258_qdb-TEI-02.xml","f258_qdb-TEI-02.xml","","Done","6455781","File","xml","2026-04-23T13:18:50","false","","0"
"109","1","file:/data/f262_qdb-TEI-02.xml","/data/f262_qdb-TEI-02.xml","f262_qdb-TEI-02.xml","","Done","7831080","File","xml","2026-04-23T13:18:50","false","","0"
"110","1","file:/data/f261_qdb-TEI-02.xml","/data/f261_qdb-TEI-02.xml","f261_qdb-TEI-02.xml","","Done","6793767","File","xml","2026-04-23T13:18:50","false","","0"
"111","1","file:/data/f260_qdb-TEI-02.xml","/data/f260_qdb-TEI-02.xml","f260_qdb-TEI-02.xml","","Done","6371541","File","xml","2026-04-23T13:18:50","false","","0"
"112","1","file:/data/f265_qdb-TEI-02.xml","/data/f265_qdb-TEI-02.xml","f265_qdb-TEI-02.xml","","Done","6087003","File","xml","2026-04-23T13:18:51","false","","0"
"113","1","file:/data/f266_qdb-TEI-02.xml","/data/f266_qdb-TEI-02.xml","f266_qdb-TEI-02.xml","","Done","9050042","File","xml","2026-04-23T13:18:51","false","","0"
"114","1","file:/data/f264_qdb-TEI-02.xml","/data/f264_qdb-TEI-02.xml","f264_qdb-TEI-02.xml","","Done","11869051","File","xml","2026-04-23T13:18:51","false","","0"
"115","1","file:/data/f263_qdb-TEI-02.xml","/data/f263_qdb-TEI-02.xml","f263_qdb-TEI-02.xml","","Done","10221580","File","xml","2026-04-23T13:18:51","false","","0"
"116","1","file:/data/f267_qdb-TEI-02.xml","/data/f267_qdb-TEI-02.xml","f267_qdb-TEI-02.xml","","Done","10706586","File","xml","2026-04-23T13:18:51","false","","0"
"117","1","file:/data/f269_qdb-TEI-02.xml","/data/f269_qdb-TEI-02.xml","f269_qdb-TEI-02.xml","","Done","8401321","File","xml","2026-04-23T13:18:52","false","","0"
"118","1","file:/data/f268_qdb-TEI-02.xml","/data/f268_qdb-TEI-02.xml","f268_qdb-TEI-02.xml","","Done","9858844","File","xml","2026-04-23T13:18:52","false","","0"
"119","1","file:/data/f270_qdb-TEI-02.xml","/data/f270_qdb-TEI-02.xml","f270_qdb-TEI-02.xml","","Done","3946470","File","xml","2026-04-23T13:18:52","false","","0"
"120","1","file:/data/f271_qdb-TEI-02.xml","/data/f271_qdb-TEI-02.xml","f271_qdb-TEI-02.xml","","Done","9390056","File","xml","2026-04-23T13:18:52","false","","0"
"121","1","file:/data/f272_qdb-TEI-02.xml","/data/f272_qdb-TEI-02.xml","f272_qdb-TEI-02.xml","","Done","6794084","File","xml","2026-04-23T13:18:53","false","","0"
"122","1","file:/data/f273_qdb-TEI-02.xml","/data/f273_qdb-TEI-02.xml","f273_qdb-TEI-02.xml","","Done","6014759","File","xml","2026-04-23T13:18:53","false","","0"
"123","1","file:/data/f279_qdb-TEI-02.xml","/data/f279_qdb-TEI-02.xml","f279_qdb-TEI-02.xml","","Done","4651405","File","xml","2026-04-23T13:18:54","false","","0"
"124","1","file:/data/f278_qdb-TEI-02.xml","/data/f278_qdb-TEI-02.xml","f278_qdb-TEI-02.xml","","Done","7567656","File","xml","2026-04-23T13:18:53","false","","0"
"125","1","file:/data/f275_qdb-TEI-02.xml","/data/f275_qdb-TEI-02.xml","f275_qdb-TEI-02.xml","","Done","6381358","File","xml","2026-04-23T13:18:53","false","","0"
"126","1","file:/data/f276_qdb-TEI-02.xml","/data/f276_qdb-TEI-02.xml","f276_qdb-TEI-02.xml","","Done","6053187","File","xml","2026-04-23T13:18:53","false","","0"
"127","1","file:/data/f277_qdb-TEI-02.xml","/data/f277_qdb-TEI-02.xml","f277_qdb-TEI-02.xml","","Done","9538372","File","xml","2026-04-23T13:18:53","false","","0"
"128","1","file:/data/f280_qdb-TEI-02.xml","/data/f280_qdb-TEI-02.xml","f280_qdb-TEI-02.xml","","Done","5558735","File","xml","2026-04-23T13:18:54","false","","0"
"129","1","file:/data/f283_qdb-TEI-02.xml","/data/f283_qdb-TEI-02.xml","f283_qdb-TEI-02.xml","","Done","5766428","File","xml","2026-04-23T13:18:54","false","","0"
"130","1","file:/data/f282_qdb-TEI-02.xml","/data/f282_qdb-TEI-02.xml","f282_qdb-TEI-02.xml","","Done","6459321","File","xml","2026-04-23T13:18:54","false","","0"
"131","1","file:/data/f274_qdb-TEI-02.xml","/data/f274_qdb-TEI-02.xml","f274_qdb-TEI-02.xml","","Done","7371522","File","xml","2026-04-23T13:18:53","false","","0"
"132","1","file:/data/f281_qdb-TEI-02.xml","/data/f281_qdb-TEI-02.xml","f281_qdb-TEI-02.xml","","Done","7238257","File","xml","2026-04-23T13:18:54","false","","0"
"133","1","file:/data/f284_qdb-TEI-02.xml","/data/f284_qdb-TEI-02.xml","f284_qdb-TEI-02.xml","","Done","5627070","File","xml","2026-04-23T13:18:55","false","","0"
"134","1","file:/data/f287_qdb-TEI-02.xml","/data/f287_qdb-TEI-02.xml","f287_qdb-TEI-02.xml","","Done","5185347","File","xml","2026-04-23T13:18:55","false","","0"
"135","1","file:/data/f286_qdb-TEI-02.xml","/data/f286_qdb-TEI-02.xml","f286_qdb-TEI-02.xml","","Done","5944036","File","xml","2026-04-23T13:18:55","false","","0"
"136","1","file:/data/f285_qdb-TEI-02.xml","/data/f285_qdb-TEI-02.xml","f285_qdb-TEI-02.xml","","Done","7142203","File","xml","2026-04-23T13:18:55","false","","0"
"137","1","file:/data/f289_qdb-TEI-02.xml","/data/f289_qdb-TEI-02.xml","f289_qdb-TEI-02.xml","","Done","8719426","File","xml","2026-04-23T13:18:55","false","","0"
"138","1","file:/data/f294_qdb-TEI-02.xml","/data/f294_qdb-TEI-02.xml","f294_qdb-TEI-02.xml","","Done","9409542","File","xml","2026-04-23T13:18:56","false","","0"
"139","1","file:/data/f288_qdb-TEI-02.xml","/data/f288_qdb-TEI-02.xml","f288_qdb-TEI-02.xml","","Done","8466236","File","xml","2026-04-23T13:18:55","false","","0"
"140","1","file:/data/f295_qdb-TEI-02.xml","/data/f295_qdb-TEI-02.xml","f295_qdb-TEI-02.xml","","Done","8001455","File","xml","2026-04-23T13:18:56","false","","0"
"141","1","file:/data/f293_qdb-TEI-02.xml","/data/f293_qdb-TEI-02.xml","f293_qdb-TEI-02.xml","","Done","8626704","File","xml","2026-04-23T13:18:56","false","","0"
"142","1","file:/data/f291_qdb-TEI-02.xml","/data/f291_qdb-TEI-02.xml","f291_qdb-TEI-02.xml","","Done","7366374","File","xml","2026-04-23T13:18:56","false","","0"
"143","1","file:/data/f292_qdb-TEI-02.xml","/data/f292_qdb-TEI-02.xml","f292_qdb-TEI-02.xml","","Done","7602446","File","xml","2026-04-23T13:18:56","false","","0"
"144","1","file:/data/f290_qdb-TEI-02.xml","/data/f290_qdb-TEI-02.xml","f290_qdb-TEI-02.xml","","Done","6971942","File","xml","2026-04-23T13:18:56","false","","0"
"145","1","file:/data/g297_qdb-TEI-02.xml","/data/g297_qdb-TEI-02.xml","g297_qdb-TEI-02.xml","","Done","8843376","File","xml","2026-04-23T13:18:57","false","","0"
"146","1","file:/data/g296_qdb-TEI-02.xml","/data/g296_qdb-TEI-02.xml","g296_qdb-TEI-02.xml","","Done","7012068","File","xml","2026-04-23T13:18:57","false","","0"
"147","1","file:/data/g298_qdb-TEI-02.xml","/data/g298_qdb-TEI-02.xml","g298_qdb-TEI-02.xml","","Done","5246549","File","xml","2026-04-23T13:18:57","false","","0"
"148","1","file:/data/g299_qdb-TEI-02.xml","/data/g299_qdb-TEI-02.xml","g299_qdb-TEI-02.xml","","Done","3680440","File","xml","2026-04-23T13:18:57","false","","0"
"149","1","file:/data/g300_qdb-TEI-02.xml","/data/g300_qdb-TEI-02.xml","g300_qdb-TEI-02.xml","","Done","9794155","File","xml","2026-04-23T13:18:57","false","","0"
"150","1","file:/data/g302_qdb-TEI-02.xml","/data/g302_qdb-TEI-02.xml","g302_qdb-TEI-02.xml","","Done","3888090","File","xml","2026-04-23T13:18:57","false","","0"
"151","1","file:/data/g301_qdb-TEI-02.xml","/data/g301_qdb-TEI-02.xml","g301_qdb-TEI-02.xml","","Done","5248536","File","xml","2026-04-23T13:18:57","false","","0"
"152","1","file:/data/g303_qdb-TEI-02.xml","/data/g303_qdb-TEI-02.xml","g303_qdb-TEI-02.xml","","Done","7270486","File","xml","2026-04-23T13:18:58","false","","0"
"153","1","file:/data/g305_qdb-TEI-02.xml","/data/g305_qdb-TEI-02.xml","g305_qdb-TEI-02.xml","","Done","4726662","File","xml","2026-04-23T13:18:58","false","","0"
"154","1","file:/data/g306_qdb-TEI-02.xml","/data/g306_qdb-TEI-02.xml","g306_qdb-TEI-02.xml","","Done","10200832","File","xml","2026-04-23T13:18:58","false","","0"
"155","1","file:/data/g304_qdb-TEI-02.xml","/data/g304_qdb-TEI-02.xml","g304_qdb-TEI-02.xml","","Done","6886046","File","xml","2026-04-23T13:18:58","false","","0"
"156","1","file:/data/g308_qdb-TEI-02.xml","/data/g308_qdb-TEI-02.xml","g308_qdb-TEI-02.xml","","Done","17370","File","xml","2026-04-23T13:18:58","false","","0"
"157","1","file:/data/g307_qdb-TEI-02.xml","/data/g307_qdb-TEI-02.xml","g307_qdb-TEI-02.xml","","Done","84041","File","xml","2026-04-23T13:18:58","false","","0"
"158","1","file:/data/g309_qdb-TEI-02.xml","/data/g309_qdb-TEI-02.xml","g309_qdb-TEI-02.xml","","Done","10264332","File","xml","2026-04-23T13:18:58","false","","0"
"159","1","file:/data/g310_qdb-TEI-02.xml","/data/g310_qdb-TEI-02.xml","g310_qdb-TEI-02.xml","","Done","4675676","File","xml","2026-04-23T13:18:59","false","","0"
"160","1","file:/data/g311_qdb-TEI-02.xml","/data/g311_qdb-TEI-02.xml","g311_qdb-TEI-02.xml","","Done","8880504","File","xml","2026-04-23T13:18:59","false","","0"
"161","1","file:/data/g312_qdb-TEI-02.xml","/data/g312_qdb-TEI-02.xml","g312_qdb-TEI-02.xml","","Done","6519333","File","xml","2026-04-23T13:18:59","false","","0"
"162","1","file:/data/g314_qdb-TEI-02.xml","/data/g314_qdb-TEI-02.xml","g314_qdb-TEI-02.xml","","Done","8513700","File","xml","2026-04-23T13:18:59","false","","0"
"163","1","file:/data/g313_qdb-TEI-02.xml","/data/g313_qdb-TEI-02.xml","g313_qdb-TEI-02.xml","","Done","8190289","File","xml","2026-04-23T13:18:59","false","","0"
"164","1","file:/data/g315_qdb-TEI-02.xml","/data/g315_qdb-TEI-02.xml","g315_qdb-TEI-02.xml","","Done","3956543","File","xml","2026-04-23T13:18:59","false","","0"
"165","1","file:/data/g316_qdb-TEI-02.xml","/data/g316_qdb-TEI-02.xml","g316_qdb-TEI-02.xml","","Done","8468665","File","xml","2026-04-23T13:19:00","false","","0"
"166","1","file:/data/g317_qdb-TEI-02.xml","/data/g317_qdb-TEI-02.xml","g317_qdb-TEI-02.xml","","Done","11171835","File","xml","2026-04-23T13:19:00","false","","0"
"167","1","file:/data/g318_qdb-TEI-02.xml","/data/g318_qdb-TEI-02.xml","g318_qdb-TEI-02.xml","","Done","9098310","File","xml","2026-04-23T13:19:00","false","","0"
"168","1","file:/data/g319_qdb-TEI-02.xml","/data/g319_qdb-TEI-02.xml","g319_qdb-TEI-02.xml","","Done","10482346","File","xml","2026-04-23T13:19:00","false","","0"
"169","1","file:/data/g320_qdb-TEI-02.xml","/data/g320_qdb-TEI-02.xml","g320_qdb-TEI-02.xml","","Done","8444456","File","xml","2026-04-23T13:19:00","false","","0"
"170","1","file:/data/g324_qdb-TEI-02.xml","/data/g324_qdb-TEI-02.xml","g324_qdb-TEI-02.xml","","Done","7548297","File","xml","2026-04-23T13:19:01","false","","0"
"171","1","file:/data/g321_qdb-TEI-02.xml","/data/g321_qdb-TEI-02.xml","g321_qdb-TEI-02.xml","","Done","9311500","File","xml","2026-04-23T13:19:01","false","","0"
"172","1","file:/data/g322_qdb-TEI-02.xml","/data/g322_qdb-TEI-02.xml","g322_qdb-TEI-02.xml","","Done","9911812","File","xml","2026-04-23T13:19:01","false","","0"
"173","1","file:/data/g323_qdb-TEI-02.xml","/data/g323_qdb-TEI-02.xml","g323_qdb-TEI-02.xml","","Done","8885714","File","xml","2026-04-23T13:19:01","false","","0"
"174","1","file:/data/g327_qdb-TEI-02.xml","/data/g327_qdb-TEI-02.xml","g327_qdb-TEI-02.xml","","Done","5779208","File","xml","2026-04-23T13:19:01","false","","0"
"175","1","file:/data/g329_qdb-TEI-02.xml","/data/g329_qdb-TEI-02.xml","g329_qdb-TEI-02.xml","","Done","8294551","File","xml","2026-04-23T13:19:02","false","","0"
"176","1","file:/data/g326_qdb-TEI-02.xml","/data/g326_qdb-TEI-02.xml","g326_qdb-TEI-02.xml","","Done","4380707","File","xml","2026-04-23T13:19:01","false","","0"
"177","1","file:/data/g325_qdb-TEI-02.xml","/data/g325_qdb-TEI-02.xml","g325_qdb-TEI-02.xml","","Done","4364420","File","xml","2026-04-23T13:19:01","false","","0"
"178","1","file:/data/g328_qdb-TEI-02.xml","/data/g328_qdb-TEI-02.xml","g328_qdb-TEI-02.xml","","Done","7271878","File","xml","2026-04-23T13:19:02","false","","0"
"179","1","file:/data/g330_qdb-TEI-02.xml","/data/g330_qdb-TEI-02.xml","g330_qdb-TEI-02.xml","","Done","6738066","File","xml","2026-04-23T13:19:02","false","","0"
"180","1","file:/data/g331_qdb-TEI-02.xml","/data/g331_qdb-TEI-02.xml","g331_qdb-TEI-02.xml","","Done","3761998","File","xml","2026-04-23T13:19:02","false","","0"
"181","1","file:/data/g333_qdb-TEI-02.xml","/data/g333_qdb-TEI-02.xml","g333_qdb-TEI-02.xml","","Done","7383656","File","xml","2026-04-23T13:19:02","false","","0"
"182","1","file:/data/g334_qdb-TEI-02.xml","/data/g334_qdb-TEI-02.xml","g334_qdb-TEI-02.xml","","Done","6928377","File","xml","2026-04-23T13:19:02","false","","0"
"183","1","file:/data/g332_qdb-TEI-02.xml","/data/g332_qdb-TEI-02.xml","g332_qdb-TEI-02.xml","","Done","6288089","File","xml","2026-04-23T13:19:02","false","","0"
"184","1","file:/data/g336_qdb-TEI-02.xml","/data/g336_qdb-TEI-02.xml","g336_qdb-TEI-02.xml","","Done","7894054","File","xml","2026-04-23T13:19:03","false","","0"
"185","1","file:/data/g335_qdb-TEI-02.xml","/data/g335_qdb-TEI-02.xml","g335_qdb-TEI-02.xml","","Done","6730404","File","xml","2026-04-23T13:19:03","false","","0"
"186","1","file:/data/g339_qdb-TEI-02.xml","/data/g339_qdb-TEI-02.xml","g339_qdb-TEI-02.xml","","Done","6130314","File","xml","2026-04-23T13:19:03","false","","0"
"187","1","file:/data/g337_qdb-TEI-02.xml","/data/g337_qdb-TEI-02.xml","g337_qdb-TEI-02.xml","","Done","7688391","File","xml","2026-04-23T13:19:03","false","","0"
"188","1","file:/data/g338_qdb-TEI-02.xml","/data/g338_qdb-TEI-02.xml","g338_qdb-TEI-02.xml","","Done","6152185","File","xml","2026-04-23T13:19:03","false","","0"
"189","1","file:/data/g340_qdb-TEI-02.xml","/data/g340_qdb-TEI-02.xml","g340_qdb-TEI-02.xml","","Done","5245838","File","xml","2026-04-23T13:19:03","false","","0"
"190","1","file:/data/g341_qdb-TEI-02.xml","/data/g341_qdb-TEI-02.xml","g341_qdb-TEI-02.xml","","Done","5074025","File","xml","2026-04-23T13:19:03","false","","0"
"191","1","file:/data/g343_qdb-TEI-02.xml","/data/g343_qdb-TEI-02.xml","g343_qdb-TEI-02.xml","","Done","10550869","File","xml","2026-04-23T13:19:04","false","","0"
"192","1","file:/data/g344_qdb-TEI-02.xml","/data/g344_qdb-TEI-02.xml","g344_qdb-TEI-02.xml","","Done","6408182","File","xml","2026-04-23T13:19:04","false","","0"
"193","1","file:/data/g342_qdb-TEI-02.xml","/data/g342_qdb-TEI-02.xml","g342_qdb-TEI-02.xml","","Done","6641156","File","xml","2026-04-23T13:19:03","false","","0"
"194","1","file:/data/g345_qdb-TEI-02.xml","/data/g345_qdb-TEI-02.xml","g345_qdb-TEI-02.xml","","Done","6715537","File","xml","2026-04-23T13:19:04","false","","0"
"195","1","file:/data/g346_qdb-TEI-02.xml","/data/g346_qdb-TEI-02.xml","g346_qdb-TEI-02.xml","","Done","9296829","File","xml","2026-04-23T13:19:04","false","","0"
"196","1","file:/data/g347_qdb-TEI-02.xml","/data/g347_qdb-TEI-02.xml","g347_qdb-TEI-02.xml","","Done","4369331","File","xml","2026-04-23T13:19:04","false","","0"
"197","1","file:/data/g349_qdb-TEI-02.xml","/data/g349_qdb-TEI-02.xml","g349_qdb-TEI-02.xml","","Done","6364669","File","xml","2026-04-23T13:19:05","false","","0"
"198","1","file:/data/g351_qdb-TEI-02.xml","/data/g351_qdb-TEI-02.xml","g351_qdb-TEI-02.xml","","Done","8049970","File","xml","2026-04-23T13:19:05","false","","0"
"199","1","file:/data/g350_qdb-TEI-02.xml","/data/g350_qdb-TEI-02.xml","g350_qdb-TEI-02.xml","","Done","7567981","File","xml","2026-04-23T13:19:05","false","","0"
"200","1","file:/data/g352_qdb-TEI-02.xml","/data/g352_qdb-TEI-02.xml","g352_qdb-TEI-02.xml","","Done","3965102","File","xml","2026-04-23T13:19:05","false","","0"
"201","1","file:/data/g348_qdb-TEI-02.xml","/data/g348_qdb-TEI-02.xml","g348_qdb-TEI-02.xml","","Done","6198997","File","xml","2026-04-23T13:19:04","false","","0"
"202","1","file:/data/g353_qdb-TEI-02.xml","/data/g353_qdb-TEI-02.xml","g353_qdb-TEI-02.xml","","Done","8585368","File","xml","2026-04-23T13:19:05","false","","0"
"203","1","file:/data/g356_qdb-TEI-02.xml","/data/g356_qdb-TEI-02.xml","g356_qdb-TEI-02.xml","","Done","10693409","File","xml","2026-04-23T13:19:06","false","","0"
"204","1","file:/data/g354_qdb-TEI-02.xml","/data/g354_qdb-TEI-02.xml","g354_qdb-TEI-02.xml","","Done","8798634","File","xml","2026-04-23T13:19:05","false","","0"
"205","1","file:/data/g355_qdb-TEI-02.xml","/data/g355_qdb-TEI-02.xml","g355_qdb-TEI-02.xml","","Done","2265658","File","xml","2026-04-23T13:19:05","false","","0"
"206","1","file:/data/h359_qdb-TEI-02.xml","/data/h359_qdb-TEI-02.xml","h359_qdb-TEI-02.xml","","Done","8820144","File","xml","2026-04-23T13:19:06","false","","0"
"207","1","file:/data/h357_qdb-TEI-02.xml","/data/h357_qdb-TEI-02.xml","h357_qdb-TEI-02.xml","","Done","10076668","File","xml","2026-04-23T13:19:06","false","","0"
"208","1","file:/data/h358_qdb-TEI-02.xml","/data/h358_qdb-TEI-02.xml","h358_qdb-TEI-02.xml","","Done","9075138","File","xml","2026-04-23T13:19:06","false","","0"
"209","1","file:/data/h362_qdb-TEI-02.xml","/data/h362_qdb-TEI-02.xml","h362_qdb-TEI-02.xml","","Done","4721930","File","xml","2026-04-23T13:19:07","false","","0"
"210","1","file:/data/h361_qdb-TEI-02.xml","/data/h361_qdb-TEI-02.xml","h361_qdb-TEI-02.xml","","Done","7581276","File","xml","2026-04-23T13:19:07","false","","0"
"211","1","file:/data/h363_qdb-TEI-02.xml","/data/h363_qdb-TEI-02.xml","h363_qdb-TEI-02.xml","","Done","5819717","File","xml","2026-04-23T13:19:08","false","","0"
"212","1","file:/data/h360_qdb-TEI-02.xml","/data/h360_qdb-TEI-02.xml","h360_qdb-TEI-02.xml","","Done","7532728","File","xml","2026-04-23T13:19:07","false","","0"
"213","1","file:/data/h364_qdb-TEI-02.xml","/data/h364_qdb-TEI-02.xml","h364_qdb-TEI-02.xml","","Done","8103770","File","xml","2026-04-23T13:19:08","false","","0"
"214","1","file:/data/h365_qdb-TEI-02.xml","/data/h365_qdb-TEI-02.xml","h365_qdb-TEI-02.xml","","Done","5686596","File","xml","2026-04-23T13:19:08","false","","0"
"215","1","file:/data/h366_qdb-TEI-02.xml","/data/h366_qdb-TEI-02.xml","h366_qdb-TEI-02.xml","","Done","6837975","File","xml","2026-04-23T13:19:08","false","","0"
"216","1","file:/data/h367_qdb-TEI-02.xml","/data/h367_qdb-TEI-02.xml","h367_qdb-TEI-02.xml","","Done","9230379","File","xml","2026-04-23T13:19:09","false","","0"
"217","1","file:/data/h368_qdb-TEI-02.xml","/data/h368_qdb-TEI-02.xml","h368_qdb-TEI-02.xml","","Done","5298159","File","xml","2026-04-23T13:19:09","false","","0"
"218","1","file:/data/h370_qdb-TEI-02.xml","/data/h370_qdb-TEI-02.xml","h370_qdb-TEI-02.xml","","Done","10592679","File","xml","2026-04-23T13:19:09","false","","0"
"219","1","file:/data/h373_qdb-TEI-02.xml","/data/h373_qdb-TEI-02.xml","h373_qdb-TEI-02.xml","","Done","6979889","File","xml","2026-04-23T13:19:09","false","","0"
"220","1","file:/data/h369_qdb-TEI-02.xml","/data/h369_qdb-TEI-02.xml","h369_qdb-TEI-02.xml","","Done","5129568","File","xml","2026-04-23T13:19:09","false","","0"
"221","1","file:/data/h371_qdb-TEI-02.xml","/data/h371_qdb-TEI-02.xml","h371_qdb-TEI-02.xml","","Done","6644854","File","xml","2026-04-23T13:19:09","false","","0"
"222","1","file:/data/h372_qdb-TEI-02.xml","/data/h372_qdb-TEI-02.xml","h372_qdb-TEI-02.xml","","Done","9780173","File","xml","2026-04-23T13:19:09","false","","0"
"223","1","file:/data/h374_qdb-TEI-02.xml","/data/h374_qdb-TEI-02.xml","h374_qdb-TEI-02.xml","","Done","8306731","File","xml","2026-04-23T13:19:10","false","","0"
"224","1","file:/data/h377_qdb-TEI-02.xml","/data/h377_qdb-TEI-02.xml","h377_qdb-TEI-02.xml","","Done","8847678","File","xml","2026-04-23T13:19:10","false","","0"
"225","1","file:/data/h375_qdb-TEI-02.xml","/data/h375_qdb-TEI-02.xml","h375_qdb-TEI-02.xml","","Done","11184973","File","xml","2026-04-23T13:19:10","false","","0"
"226","1","file:/data/h376_qdb-TEI-02.xml","/data/h376_qdb-TEI-02.xml","h376_qdb-TEI-02.xml","","Done","10116977","File","xml","2026-04-23T13:19:10","false","","0"
"227","1","file:/data/h380_qdb-TEI-02.xml","/data/h380_qdb-TEI-02.xml","h380_qdb-TEI-02.xml","","Done","7824191","File","xml","2026-04-23T13:19:11","false","","0"
"228","1","file:/data/h378_qdb-TEI-02.xml","/data/h378_qdb-TEI-02.xml","h378_qdb-TEI-02.xml","","Done","10285235","File","xml","2026-04-23T13:19:11","false","","0"
"229","1","file:/data/h379_qdb-TEI-02.xml","/data/h379_qdb-TEI-02.xml","h379_qdb-TEI-02.xml","","Done","6695234","File","xml","2026-04-23T13:19:11","false","","0"
"230","1","file:/data/h385_qdb-TEI-02.xml","/data/h385_qdb-TEI-02.xml","h385_qdb-TEI-02.xml","","Done","10392877","File","xml","2026-04-23T13:19:12","false","","0"
"231","1","file:/data/h382_qdb-TEI-02.xml","/data/h382_qdb-TEI-02.xml","h382_qdb-TEI-02.xml","","Done","7324320","File","xml","2026-04-23T13:19:11","false","","0"
"232","1","file:/data/h383_qdb-TEI-02.xml","/data/h383_qdb-TEI-02.xml","h383_qdb-TEI-02.xml","","Done","5672721","File","xml","2026-04-23T13:19:11","false","","0"
"233","1","file:/data/h381_qdb-TEI-02.xml","/data/h381_qdb-TEI-02.xml","h381_qdb-TEI-02.xml","","Done","7036395","File","xml","2026-04-23T13:19:11","false","","0"
"234","1","file:/data/h384_qdb-TEI-02.xml","/data/h384_qdb-TEI-02.xml","h384_qdb-TEI-02.xml","","Done","9757412","File","xml","2026-04-23T13:19:11","false","","0"
"235","1","file:/data/h386_qdb-TEI-02.xml","/data/h386_qdb-TEI-02.xml","h386_qdb-TEI-02.xml","","Done","12682758","File","xml","2026-04-23T13:19:12","false","","0"
"236","1","file:/data/h389_qdb-TEI-02.xml","/data/h389_qdb-TEI-02.xml","h389_qdb-TEI-02.xml","","Done","10528586","File","xml","2026-04-23T13:19:12","false","","0"
"237","1","file:/data/h388_qdb-TEI-02.xml","/data/h388_qdb-TEI-02.xml","h388_qdb-TEI-02.xml","","Done","4942663","File","xml","2026-04-23T13:19:12","false","","0"
"238","1","file:/data/h391_qdb-TEI-02.xml","/data/h391_qdb-TEI-02.xml","h391_qdb-TEI-02.xml","","Done","8090521","File","xml","2026-04-23T13:19:13","false","","0"
"239","1","file:/data/h387_qdb-TEI-02.xml","/data/h387_qdb-TEI-02.xml","h387_qdb-TEI-02.xml","","Done","9110251","File","xml","2026-04-23T13:19:12","false","","0"
"240","1","file:/data/h392_qdb-TEI-02.xml","/data/h392_qdb-TEI-02.xml","h392_qdb-TEI-02.xml","","Done","5425633","File","xml","2026-04-23T13:19:13","false","","0"
"241","1","file:/data/h393_qdb-TEI-02.xml","/data/h393_qdb-TEI-02.xml","h393_qdb-TEI-02.xml","","Done","7938041","File","xml","2026-04-23T13:19:13","false","","0"
"242","1","file:/data/h394_qdb-TEI-02.xml","/data/h394_qdb-TEI-02.xml","h394_qdb-TEI-02.xml","","Done","8583234","File","xml","2026-04-23T13:19:13","false","","0"
"243","1","file:/data/h395_qdb-TEI-02.xml","/data/h395_qdb-TEI-02.xml","h395_qdb-TEI-02.xml","","Done","9723610","File","xml","2026-04-23T13:19:14","false","","0"
"244","1","file:/data/h390_qdb-TEI-02.xml","/data/h390_qdb-TEI-02.xml","h390_qdb-TEI-02.xml","","Done","5460841","File","xml","2026-04-23T13:19:13","false","","0"
"245","1","file:/data/h396_qdb-TEI-02.xml","/data/h396_qdb-TEI-02.xml","h396_qdb-TEI-02.xml","","Done","7908921","File","xml","2026-04-23T13:19:14","false","","0"
"246","1","file:/data/h397_qdb-TEI-02.xml","/data/h397_qdb-TEI-02.xml","h397_qdb-TEI-02.xml","","Done","6695752","File","xml","2026-04-23T13:19:14","false","","0"
"247","1","file:/data/h398_qdb-TEI-02.xml","/data/h398_qdb-TEI-02.xml","h398_qdb-TEI-02.xml","","Done","8224474","File","xml","2026-04-23T13:19:14","false","","0"
"248","1","file:/data/h399_qdb-TEI-02.xml","/data/h399_qdb-TEI-02.xml","h399_qdb-TEI-02.xml","","Done","4930594","File","xml","2026-04-23T13:19:14","false","","0"
"249","1","file:/data/h400_qdb-TEI-02.xml","/data/h400_qdb-TEI-02.xml","h400_qdb-TEI-02.xml","","Done","6913856","File","xml","2026-04-23T13:19:15","false","","0"
"250","1","file:/data/h401_qdb-TEI-02.xml","/data/h401_qdb-TEI-02.xml","h401_qdb-TEI-02.xml","","Done","5973646","File","xml","2026-04-23T13:19:15","false","","0"
"251","1","file:/data/h402_qdb-TEI-02.xml","/data/h402_qdb-TEI-02.xml","h402_qdb-TEI-02.xml","","Done","5573537","File","xml","2026-04-23T13:19:15","false","","0"
"252","1","file:/data/h404_qdb-TEI-02.xml","/data/h404_qdb-TEI-02.xml","h404_qdb-TEI-02.xml","","Done","6097881","File","xml","2026-04-23T13:19:15","false","","0"
"253","1","file:/data/h405_qdb-TEI-02.xml","/data/h405_qdb-TEI-02.xml","h405_qdb-TEI-02.xml","","Done","5259546","File","xml","2026-04-23T13:19:15","false","","0"
"254","1","file:/data/h406_qdb-TEI-02.xml","/data/h406_qdb-TEI-02.xml","h406_qdb-TEI-02.xml","","Done","7910881","File","xml","2026-04-23T13:19:15","false","","0"
"255","1","file:/data/h403_qdb-TEI-02.xml","/data/h403_qdb-TEI-02.xml","h403_qdb-TEI-02.xml","","Done","5372486","File","xml","2026-04-23T13:19:15","false","","0"
"256","1","file:/data/h407_qdb-TEI-02.xml","/data/h407_qdb-TEI-02.xml","h407_qdb-TEI-02.xml","","Done","6889910","File","xml","2026-04-23T13:19:15","false","","0"
"257","1","file:/data/h408_qdb-TEI-02.xml","/data/h408_qdb-TEI-02.xml","h408_qdb-TEI-02.xml","","Done","4269966","File","xml","2026-04-23T13:19:15","false","","0"
"258","1","file:/data/h409_qdb-TEI-02.xml","/data/h409_qdb-TEI-02.xml","h409_qdb-TEI-02.xml","","Done","2442583","File","xml","2026-04-23T13:19:15","false","","0"
"259","1","file:/data/h411_qdb-TEI-02.xml","/data/h411_qdb-TEI-02.xml","h411_qdb-TEI-02.xml","","Done","7768119","File","xml","2026-04-23T13:19:16","false","","0"
"260","1","file:/data/h410_qdb-TEI-02.xml","/data/h410_qdb-TEI-02.xml","h410_qdb-TEI-02.xml","","Done","7222985","File","xml","2026-04-23T13:19:16","false","","0"
"261","1","file:/data/h413_qdb-TEI-02.xml","/data/h413_qdb-TEI-02.xml","h413_qdb-TEI-02.xml","","Done","9874611","File","xml","2026-04-23T13:19:16","false","","0"
"262","1","file:/data/h412_qdb-TEI-02.xml","/data/h412_qdb-TEI-02.xml","h412_qdb-TEI-02.xml","","Done","5485028","File","xml","2026-04-23T13:19:16","false","","0"
"263","1","file:/data/h414_qdb-TEI-02.xml","/data/h414_qdb-TEI-02.xml","h414_qdb-TEI-02.xml","","Done","5926369","File","xml","2026-04-23T13:19:16","false","","0"
"264","1","file:/data/h415_qdb-TEI-02.xml","/data/h415_qdb-TEI-02.xml","h415_qdb-TEI-02.xml","","Done","6463059","File","xml","2026-04-23T13:19:16","false","","0"
"265","1","file:/data/h418_qdb-TEI-02.xml","/data/h418_qdb-TEI-02.xml","h418_qdb-TEI-02.xml","","Done","6088769","File","xml","2026-04-23T13:19:17","false","","0"
"266","1","file:/data/h417_qdb-TEI-02.xml","/data/h417_qdb-TEI-02.xml","h417_qdb-TEI-02.xml","","Done","5945801","File","xml","2026-04-23T13:19:17","false","","0"
"267","1","file:/data/h416_qdb-TEI-02.xml","/data/h416_qdb-TEI-02.xml","h416_qdb-TEI-02.xml","","Done","7338931","File","xml","2026-04-23T13:19:17","false","","0"
"268","1","file:/data/h423_qdb-TEI-02.xml","/data/h423_qdb-TEI-02.xml","h423_qdb-TEI-02.xml","","Done","6432718","File","xml","2026-04-23T13:19:18","false","","0"
"269","1","file:/data/h420_qdb-TEI-02.xml","/data/h420_qdb-TEI-02.xml","h420_qdb-TEI-02.xml","","Done","7918362","File","xml","2026-04-23T13:19:17","false","","0"
"270","1","file:/data/h422_qdb-TEI-02.xml","/data/h422_qdb-TEI-02.xml","h422_qdb-TEI-02.xml","","Done","6361477","File","xml","2026-04-23T13:19:18","false","","0"
"271","1","file:/data/h425_qdb-TEI-02.xml","/data/h425_qdb-TEI-02.xml","h425_qdb-TEI-02.xml","","Done","5614652","File","xml","2026-04-23T13:19:18","false","","0"
"272","1","file:/data/h426_qdb-TEI-02.xml","/data/h426_qdb-TEI-02.xml","h426_qdb-TEI-02.xml","","Done","4666325","File","xml","2026-04-23T13:19:18","false","","0"
"273","1","file:/data/h419_qdb-TEI-02.xml","/data/h419_qdb-TEI-02.xml","h419_qdb-TEI-02.xml","","Done","5808707","File","xml","2026-04-23T13:19:17","false","","0"
"274","1","file:/data/h421_qdb-TEI-02.xml","/data/h421_qdb-TEI-02.xml","h421_qdb-TEI-02.xml","","Done","8849228","File","xml","2026-04-23T13:19:18","false","","0"
"275","1","file:/data/h427_qdb-TEI-02.xml","/data/h427_qdb-TEI-02.xml","h427_qdb-TEI-02.xml","","Done","6049297","File","xml","2026-04-23T13:19:18","false","","0"
"276","1","file:/data/h424_qdb-TEI-02.xml","/data/h424_qdb-TEI-02.xml","h424_qdb-TEI-02.xml","","Done","3278243","File","xml","2026-04-23T13:19:18","false","","0"
"277","1","file:/data/h428_qdb-TEI-02.xml","/data/h428_qdb-TEI-02.xml","h428_qdb-TEI-02.xml","","Done","6000989","File","xml","2026-04-23T13:19:18","false","","0"
"278","1","file:/data/h429_qdb-TEI-02.xml","/data/h429_qdb-TEI-02.xml","h429_qdb-TEI-02.xml","","Done","6636227","File","xml","2026-04-23T13:19:19","false","","0"
"279","1","file:/data/i433_qdb-TEI-02.xml","/data/i433_qdb-TEI-02.xml","i433_qdb-TEI-02.xml","","Done","12532","File","xml","2026-04-23T13:19:19","false","","0"
"280","1","file:/data/i432_qdb-TEI-02.xml","/data/i432_qdb-TEI-02.xml","i432_qdb-TEI-02.xml","","Done","1560281","File","xml","2026-04-23T13:19:19","false","","0"
"281","1","file:/data/h430_qdb-TEI-02.xml","/data/h430_qdb-TEI-02.xml","h430_qdb-TEI-02.xml","","Done","4160787","File","xml","2026-04-23T13:19:19","false","","0"
"282","1","file:/data/h431_qdb-TEI-02.xml","/data/h431_qdb-TEI-02.xml","h431_qdb-TEI-02.xml","","Done","6065387","File","xml","2026-04-23T13:19:19","false","","0"
"283","1","file:/data/i435_qdb-TEI-02.xml","/data/i435_qdb-TEI-02.xml","i435_qdb-TEI-02.xml","","Done","2486633","File","xml","2026-04-23T13:19:19","false","","0"
"284","1","file:/data/i434_qdb-TEI-02.xml","/data/i434_qdb-TEI-02.xml","i434_qdb-TEI-02.xml","","Done","3781749","File","xml","2026-04-23T13:19:19","false","","0"
"285","1","file:/data/i436_qdb-TEI-02.xml","/data/i436_qdb-TEI-02.xml","i436_qdb-TEI-02.xml","","Done","642205","File","xml","2026-04-23T13:19:19","false","","0"
"286","1","file:/data/i438_qdb-TEI-02.xml","/data/i438_qdb-TEI-02.xml","i438_qdb-TEI-02.xml","","Done","5592799","File","xml","2026-04-23T13:19:19","false","","0"
"287","1","file:/data/i437_qdb-TEI-02.xml","/data/i437_qdb-TEI-02.xml","i437_qdb-TEI-02.xml","","Done","4047469","File","xml","2026-04-23T13:19:19","false","","0"
"288","1","file:/data/j439_qdb-TEI-02.xml","/data/j439_qdb-TEI-02.xml","j439_qdb-TEI-02.xml","","Done","4575063","File","xml","2026-04-23T13:19:19","false","","0"
"289","1","file:/data/j440_qdb-TEI-02.xml","/data/j440_qdb-TEI-02.xml","j440_qdb-TEI-02.xml","","Done","4163749","File","xml","2026-04-23T13:19:20","false","","0"
"290","1","file:/data/j441_qdb-TEI-02.xml","/data/j441_qdb-TEI-02.xml","j441_qdb-TEI-02.xml","","Done","5043868","File","xml","2026-04-23T13:19:20","false","","0"
"291","1","file:/data/j442_qdb-TEI-02.xml","/data/j442_qdb-TEI-02.xml","j442_qdb-TEI-02.xml","","Done","7796922","File","xml","2026-04-23T13:19:20","false","","0"
"292","1","file:/data/j443_qdb-TEI-02.xml","/data/j443_qdb-TEI-02.xml","j443_qdb-TEI-02.xml","","Done","4167859","File","xml","2026-04-23T13:19:20","false","","0"
"293","1","file:/data/j444_qdb-TEI-02.xml","/data/j444_qdb-TEI-02.xml","j444_qdb-TEI-02.xml","","Done","3949287","File","xml","2026-04-23T13:19:20","false","","0"
"294","1","file:/data/j445_qdb-TEI-02.xml","/data/j445_qdb-TEI-02.xml","j445_qdb-TEI-02.xml","","Done","5606107","File","xml","2026-04-23T13:19:20","false","","0"
"295","1","file:/data/j449_qdb-TEI-02.xml","/data/j449_qdb-TEI-02.xml","j449_qdb-TEI-02.xml","","Done","5020036","File","xml","2026-04-23T13:19:20","false","","0"
"296","1","file:/data/j448_qdb-TEI-02.xml","/data/j448_qdb-TEI-02.xml","j448_qdb-TEI-02.xml","","Done","5542042","File","xml","2026-04-23T13:19:20","false","","0"
"297","1","file:/data/j446_qdb-TEI-02.xml","/data/j446_qdb-TEI-02.xml","j446_qdb-TEI-02.xml","","Done","3684130","File","xml","2026-04-23T13:19:20","false","","0"
"298","1","file:/data/k450_qdb-TEI-02.xml","/data/k450_qdb-TEI-02.xml","k450_qdb-TEI-02.xml","","Done","3653629","File","xml","2026-04-23T13:19:21","false","","0"
"299","1","file:/data/j447_qdb-TEI-02.xml","/data/j447_qdb-TEI-02.xml","j447_qdb-TEI-02.xml","","Done","8695625","File","xml","2026-04-23T13:19:20","false","","0"
"300","1","file:/data/k451_qdb-TEI-02.xml","/data/k451_qdb-TEI-02.xml","k451_qdb-TEI-02.xml","","Done","4440508","File","xml","2026-04-23T13:19:21","false","","0"
"301","1","file:/data/k452_qdb-TEI-02.xml","/data/k452_qdb-TEI-02.xml","k452_qdb-TEI-02.xml","","Done","3350206","File","xml","2026-04-23T13:19:21","false","","0"
"302","1","file:/data/k453_qdb-TEI-02.xml","/data/k453_qdb-TEI-02.xml","k453_qdb-TEI-02.xml","","Done","4801110","File","xml","2026-04-23T13:19:21","false","","0"
"303","1","file:/data/k454_qdb-TEI-02.xml","/data/k454_qdb-TEI-02.xml","k454_qdb-TEI-02.xml","","Done","6019881","File","xml","2026-04-23T13:19:21","false","","0"
"304","1","file:/data/k460_qdb-TEI-02.xml","/data/k460_qdb-TEI-02.xml","k460_qdb-TEI-02.xml","","Done","6122082","File","xml","2026-04-23T13:19:22","false","","0"
"305","1","file:/data/k455_qdb-TEI-02.xml","/data/k455_qdb-TEI-02.xml","k455_qdb-TEI-02.xml","","Done","8308684","File","xml","2026-04-23T13:19:21","false","","0"
"306","1","file:/data/k456_qdb-TEI-02.xml","/data/k456_qdb-TEI-02.xml","k456_qdb-TEI-02.xml","","Done","4698777","File","xml","2026-04-23T13:19:21","false","","0"
"307","1","file:/data/k461_qdb-TEI-02.xml","/data/k461_qdb-TEI-02.xml","k461_qdb-TEI-02.xml","","Done","8050964","File","xml","2026-04-23T13:19:22","false","","0"
"308","1","file:/data/k459_qdb-TEI-02.xml","/data/k459_qdb-TEI-02.xml","k459_qdb-TEI-02.xml","","Done","5441693","File","xml","2026-04-23T13:19:22","false","","0"
"309","1","file:/data/k458_qdb-TEI-02.xml","/data/k458_qdb-TEI-02.xml","k458_qdb-TEI-02.xml","","Done","6230567","File","xml","2026-04-23T13:19:21","false","","0"
"310","1","file:/data/k463_qdb-TEI-02.xml","/data/k463_qdb-TEI-02.xml","k463_qdb-TEI-02.xml","","Done","6690768","File","xml","2026-04-23T13:19:22","false","","0"
"311","1","file:/data/k462_qdb-TEI-02.xml","/data/k462_qdb-TEI-02.xml","k462_qdb-TEI-02.xml","","Done","6078254","File","xml","2026-04-23T13:19:22","false","","0"
"312","1","file:/data/k457_qdb-TEI-02.xml","/data/k457_qdb-TEI-02.xml","k457_qdb-TEI-02.xml","","Done","5271786","File","xml","2026-04-23T13:19:21","false","","0"
"313","1","file:/data/k464_qdb-TEI-02.xml","/data/k464_qdb-TEI-02.xml","k464_qdb-TEI-02.xml","","Done","6724342","File","xml","2026-04-23T13:19:22","false","","0"
"314","1","file:/data/k466_qdb-TEI-02.xml","/data/k466_qdb-TEI-02.xml","k466_qdb-TEI-02.xml","","Done","6453733","File","xml","2026-04-23T13:19:23","false","","0"
"315","1","file:/data/k465_qdb-TEI-02.xml","/data/k465_qdb-TEI-02.xml","k465_qdb-TEI-02.xml","","Done","3561784","File","xml","2026-04-23T13:19:22","false","","0"
"316","1","file:/data/k467_qdb-TEI-02.xml","/data/k467_qdb-TEI-02.xml","k467_qdb-TEI-02.xml","","Done","6701679","File","xml","2026-04-23T13:19:23","false","","0"
"317","1","file:/data/k468_qdb-TEI-02.xml","/data/k468_qdb-TEI-02.xml","k468_qdb-TEI-02.xml","","Done","6959563","File","xml","2026-04-23T13:19:23","false","","0"
"318","1","file:/data/k470_qdb-TEI-02.xml","/data/k470_qdb-TEI-02.xml","k470_qdb-TEI-02.xml","","Done","5580861","File","xml","2026-04-23T13:19:23","false","","0"
"319","1","file:/data/k469_qdb-TEI-02.xml","/data/k469_qdb-TEI-02.xml","k469_qdb-TEI-02.xml","","Done","9108372","File","xml","2026-04-23T13:19:23","false","","0"
"320","1","file:/data/k471_qdb-TEI-02.xml","/data/k471_qdb-TEI-02.xml","k471_qdb-TEI-02.xml","","Done","2718540","File","xml","2026-04-23T13:19:23","false","","0"
"321","1","file:/data/k472_qdb-TEI-02.xml","/data/k472_qdb-TEI-02.xml","k472_qdb-TEI-02.xml","","Done","7266313","File","xml","2026-04-23T13:19:23","false","","0"
"322","1","file:/data/k474_qdb-TEI-02.xml","/data/k474_qdb-TEI-02.xml","k474_qdb-TEI-02.xml","","Done","6434149","File","xml","2026-04-23T13:19:24","false","","0"
"323","1","file:/data/k473_qdb-TEI-02.xml","/data/k473_qdb-TEI-02.xml","k473_qdb-TEI-02.xml","","Done","6480801","File","xml","2026-04-23T13:19:24","false","","0"
"324","1","file:/data/k476_qdb-TEI-02.xml","/data/k476_qdb-TEI-02.xml","k476_qdb-TEI-02.xml","","Done","5496864","File","xml","2026-04-23T13:19:24","false","","0"
"325","1","file:/data/k475_qdb-TEI-02.xml","/data/k475_qdb-TEI-02.xml","k475_qdb-TEI-02.xml","","Done","6045947","File","xml","2026-04-23T13:19:24","false","","0"
"326","1","file:/data/k477_qdb-TEI-02.xml","/data/k477_qdb-TEI-02.xml","k477_qdb-TEI-02.xml","","Done","5905626","File","xml","2026-04-23T13:19:24","false","","0"
"327","1","file:/data/k479_qdb-TEI-02.xml","/data/k479_qdb-TEI-02.xml","k479_qdb-TEI-02.xml","","Done","5649665","File","xml","2026-04-23T13:19:24","false","","0"
"328","1","file:/data/k478_qdb-TEI-02.xml","/data/k478_qdb-TEI-02.xml","k478_qdb-TEI-02.xml","","Done","5855218","File","xml","2026-04-23T13:19:24","false","","0"
"329","1","file:/data/k480_qdb-TEI-02.xml","/data/k480_qdb-TEI-02.xml","k480_qdb-TEI-02.xml","","Done","4141630","File","xml","2026-04-23T13:19:24","false","","0"
"330","1","file:/data/k483_qdb-TEI-02.xml","/data/k483_qdb-TEI-02.xml","k483_qdb-TEI-02.xml","","Done","4310154","File","xml","2026-04-23T13:19:25","false","","0"
"331","1","file:/data/k485_qdb-TEI-02.xml","/data/k485_qdb-TEI-02.xml","k485_qdb-TEI-02.xml","","Done","8204926","File","xml","2026-04-23T13:19:25","false","","0"
"332","1","file:/data/k484_qdb-TEI-02.xml","/data/k484_qdb-TEI-02.xml","k484_qdb-TEI-02.xml","","Done","7040791","File","xml","2026-04-23T13:19:25","false","","0"
"333","1","file:/data/k481_qdb-TEI-02.xml","/data/k481_qdb-TEI-02.xml","k481_qdb-TEI-02.xml","","Done","4187135","File","xml","2026-04-23T13:19:24","false","","0"
"334","1","file:/data/k482_qdb-TEI-02.xml","/data/k482_qdb-TEI-02.xml","k482_qdb-TEI-02.xml","","Done","4629592","File","xml","2026-04-23T13:19:25","false","","0"
"335","1","file:/data/k487_qdb-TEI-02.xml","/data/k487_qdb-TEI-02.xml","k487_qdb-TEI-02.xml","","Done","7640785","File","xml","2026-04-23T13:19:25","false","","0"
"336","1","file:/data/k486_qdb-TEI-02.xml","/data/k486_qdb-TEI-02.xml","k486_qdb-TEI-02.xml","","Done","4377856","File","xml","2026-04-23T13:19:25","false","","0"
"337","1","file:/data/k489_qdb-TEI-02.xml","/data/k489_qdb-TEI-02.xml","k489_qdb-TEI-02.xml","","Done","8798920","File","xml","2026-04-23T13:19:26","false","","0"
"338","1","file:/data/k488_qdb-TEI-02.xml","/data/k488_qdb-TEI-02.xml","k488_qdb-TEI-02.xml","","Done","6594875","File","xml","2026-04-23T13:19:25","false","","0"
"339","1","file:/data/k490_qdb-TEI-02.xml","/data/k490_qdb-TEI-02.xml","k490_qdb-TEI-02.xml","","Done","6777729","File","xml","2026-04-23T13:19:26","false","","0"
"340","1","file:/data/k493_qdb-TEI-02.xml","/data/k493_qdb-TEI-02.xml","k493_qdb-TEI-02.xml","","Done","3353831","File","xml","2026-04-23T13:19:26","false","","0"
"341","1","file:/data/k492_qdb-TEI-02.xml","/data/k492_qdb-TEI-02.xml","k492_qdb-TEI-02.xml","","Done","4170429","File","xml","2026-04-23T13:19:26","false","","0"
"342","1","file:/data/k491_qdb-TEI-02.xml","/data/k491_qdb-TEI-02.xml","k491_qdb-TEI-02.xml","","Done","5132687","File","xml","2026-04-23T13:19:26","false","","0"
"343","1","file:/data/k494_qdb-TEI-02.xml","/data/k494_qdb-TEI-02.xml","k494_qdb-TEI-02.xml","","Done","6585816","File","xml","2026-04-23T13:19:26","false","","0"
"344","1","file:/data/k495_qdb-TEI-02.xml","/data/k495_qdb-TEI-02.xml","k495_qdb-TEI-02.xml","","Done","6250884","File","xml","2026-04-23T13:19:26","false","","0"
"345","1","file:/data/k496_qdb-TEI-02.xml","/data/k496_qdb-TEI-02.xml","k496_qdb-TEI-02.xml","","Done","9316172","File","xml","2026-04-23T13:19:26","false","","0"
"346","1","file:/data/k497_qdb-TEI-02.xml","/data/k497_qdb-TEI-02.xml","k497_qdb-TEI-02.xml","","Done","4190303","File","xml","2026-04-23T13:19:27","false","","0"
"347","1","file:/data/k498_qdb-TEI-02.xml","/data/k498_qdb-TEI-02.xml","k498_qdb-TEI-02.xml","","Done","5280294","File","xml","2026-04-23T13:19:27","false","","0"
"348","1","file:/data/k499_qdb-TEI-02.xml","/data/k499_qdb-TEI-02.xml","k499_qdb-TEI-02.xml","","Done","6934627","File","xml","2026-04-23T13:19:27","false","","0"
"349","1","file:/data/k502_qdb-TEI-02.xml","/data/k502_qdb-TEI-02.xml","k502_qdb-TEI-02.xml","","Done","7750970","File","xml","2026-04-23T13:19:27","false","","0"
"350","1","file:/data/k500_qdb-TEI-02.xml","/data/k500_qdb-TEI-02.xml","k500_qdb-TEI-02.xml","","Done","1996896","File","xml","2026-04-23T13:19:27","false","","0"
"351","1","file:/data/k504_qdb-TEI-02.xml","/data/k504_qdb-TEI-02.xml","k504_qdb-TEI-02.xml","","Done","10079586","File","xml","2026-04-23T13:19:27","false","","0"
"352","1","file:/data/k501_qdb-TEI-02.xml","/data/k501_qdb-TEI-02.xml","k501_qdb-TEI-02.xml","","Done","4240056","File","xml","2026-04-23T13:19:27","false","","0"
"353","1","file:/data/k503_qdb-TEI-02.xml","/data/k503_qdb-TEI-02.xml","k503_qdb-TEI-02.xml","","Done","8895103","File","xml","2026-04-23T13:19:27","false","","0"
"354","1","file:/data/k505_qdb-TEI-02.xml","/data/k505_qdb-TEI-02.xml","k505_qdb-TEI-02.xml","","Done","10623386","File","xml","2026-04-23T13:19:28","false","","0"
"355","1","file:/data/k506_qdb-TEI-02.xml","/data/k506_qdb-TEI-02.xml","k506_qdb-TEI-02.xml","","Done","7722051","File","xml","2026-04-23T13:19:28","false","","0"
"356","1","file:/data/k507_qdb-TEI-02.xml","/data/k507_qdb-TEI-02.xml","k507_qdb-TEI-02.xml","","Done","6841830","File","xml","2026-04-23T13:19:28","false","","0"
"357","1","file:/data/k508_qdb-TEI-02.xml","/data/k508_qdb-TEI-02.xml","k508_qdb-TEI-02.xml","","Done","11111013","File","xml","2026-04-23T13:19:28","false","","0"
"358","1","file:/data/k510_qdb-TEI-02.xml","/data/k510_qdb-TEI-02.xml","k510_qdb-TEI-02.xml","","Done","6342449","File","xml","2026-04-23T13:19:28","false","","0"
"359","1","file:/data/k509_qdb-TEI-02.xml","/data/k509_qdb-TEI-02.xml","k509_qdb-TEI-02.xml","","Done","8369408","File","xml","2026-04-23T13:19:28","false","","0"
"360","1","file:/data/k512_qdb-TEI-02.xml","/data/k512_qdb-TEI-02.xml","k512_qdb-TEI-02.xml","","Done","6353258","File","xml","2026-04-23T13:19:29","false","","0"
"361","1","file:/data/k511_qdb-TEI-02.xml","/data/k511_qdb-TEI-02.xml","k511_qdb-TEI-02.xml","","Done","11342644","File","xml","2026-04-23T13:19:29","false","","0"
"362","1","file:/data/k514_qdb-TEI-02.xml","/data/k514_qdb-TEI-02.xml","k514_qdb-TEI-02.xml","","Done","8075522","File","xml","2026-04-23T13:19:29","false","","0"
"363","1","file:/data/k513_qdb-TEI-02.xml","/data/k513_qdb-TEI-02.xml","k513_qdb-TEI-02.xml","","Done","9465798","File","xml","2026-04-23T13:19:29","false","","0"
"364","1","file:/data/k515_qdb-TEI-02.xml","/data/k515_qdb-TEI-02.xml","k515_qdb-TEI-02.xml","","Done","6570263","File","xml","2026-04-23T13:19:29","false","","0"
"365","1","file:/data/k516_qdb-TEI-02.xml","/data/k516_qdb-TEI-02.xml","k516_qdb-TEI-02.xml","","Done","7199508","File","xml","2026-04-23T13:19:29","false","","0"
"366","1","file:/data/k517_qdb-TEI-02.xml","/data/k517_qdb-TEI-02.xml","k517_qdb-TEI-02.xml","","Done","9490944","File","xml","2026-04-23T13:19:29","false","","0"
"367","1","file:/data/k518_qdb-TEI-02.xml","/data/k518_qdb-TEI-02.xml","k518_qdb-TEI-02.xml","","Done","4415845","File","xml","2026-04-23T13:19:29","false","","0"
"368","1","file:/data/k521_qdb-TEI-02.xml","/data/k521_qdb-TEI-02.xml","k521_qdb-TEI-02.xml","","Done","8475061","File","xml","2026-04-23T13:19:30","false","","0"
"369","1","file:/data/k519_qdb-TEI-02.xml","/data/k519_qdb-TEI-02.xml","k519_qdb-TEI-02.xml","","Done","5016319","File","xml","2026-04-23T13:19:30","false","","0"
"370","1","file:/data/k523_qdb-TEI-02.xml","/data/k523_qdb-TEI-02.xml","k523_qdb-TEI-02.xml","","Done","5189336","File","xml","2026-04-23T13:19:30","false","","0"
"371","1","file:/data/k520_qdb-TEI-02.xml","/data/k520_qdb-TEI-02.xml","k520_qdb-TEI-02.xml","","Done","8019639","File","xml","2026-04-23T13:19:30","false","","0"
"372","1","file:/data/k524_qdb-TEI-02.xml","/data/k524_qdb-TEI-02.xml","k524_qdb-TEI-02.xml","","Done","5348407","File","xml","2026-04-23T13:19:30","false","","0"
"373","1","file:/data/k525_qdb-TEI-02.xml","/data/k525_qdb-TEI-02.xml","k525_qdb-TEI-02.xml","","Done","7465965","File","xml","2026-04-23T13:19:30","false","","0"
"374","1","file:/data/k522_qdb-TEI-02.xml","/data/k522_qdb-TEI-02.xml","k522_qdb-TEI-02.xml","","Done","5747856","File","xml","2026-04-23T13:19:30","false","","0"
"375","1","file:/data/k526_qdb-TEI-02.xml","/data/k526_qdb-TEI-02.xml","k526_qdb-TEI-02.xml","","Done","4856880","File","xml","2026-04-23T13:19:30","false","","0"
"376","1","file:/data/k528_qdb-TEI-02.xml","/data/k528_qdb-TEI-02.xml","k528_qdb-TEI-02.xml","","Done","7303003","File","xml","2026-04-23T13:19:31","false","","0"
"377","1","file:/data/k527_qdb-TEI-02.xml","/data/k527_qdb-TEI-02.xml","k527_qdb-TEI-02.xml","","Done","4722589","File","xml","2026-04-23T13:19:31","false","","0"
"378","1","file:/data/k530_qdb-TEI-02.xml","/data/k530_qdb-TEI-02.xml","k530_qdb-TEI-02.xml","","Done","6762521","File","xml","2026-04-23T13:19:31","false","","0"
"379","1","file:/data/k533_qdb-TEI-02.xml","/data/k533_qdb-TEI-02.xml","k533_qdb-TEI-02.xml","","Done","6975896","File","xml","2026-04-23T13:19:31","false","","0"
"380","1","file:/data/k529_qdb-TEI-02.xml","/data/k529_qdb-TEI-02.xml","k529_qdb-TEI-02.xml","","Done","7319530","File","xml","2026-04-23T13:19:31","false","","0"
"381","1","file:/data/k532_qdb-TEI-02.xml","/data/k532_qdb-TEI-02.xml","k532_qdb-TEI-02.xml","","Done","6133076","File","xml","2026-04-23T13:19:31","false","","0"
"382","1","file:/data/k531_qdb-TEI-02.xml","/data/k531_qdb-TEI-02.xml","k531_qdb-TEI-02.xml","","Done","7493489","File","xml","2026-04-23T13:19:31","false","","0"
"383","1","file:/data/k534_qdb-TEI-02.xml","/data/k534_qdb-TEI-02.xml","k534_qdb-TEI-02.xml","","Done","5735033","File","xml","2026-04-23T13:19:32","false","","0"
"384","1","file:/data/l536_qdb-TEI-02.xml","/data/l536_qdb-TEI-02.xml","l536_qdb-TEI-02.xml","","Done","10832761","File","xml","2026-04-23T13:19:32","false","","0"
"385","1","file:/data/l537_qdb-TEI-02.xml","/data/l537_qdb-TEI-02.xml","l537_qdb-TEI-02.xml","","Done","9302607","File","xml","2026-04-23T13:19:32","false","","0"
"386","1","file:/data/l538_qdb-TEI-02.xml","/data/l538_qdb-TEI-02.xml","l538_qdb-TEI-02.xml","","Done","9600331","File","xml","2026-04-23T13:19:32","false","","0"
"387","1","file:/data/l535_qdb-TEI-02.xml","/data/l535_qdb-TEI-02.xml","l535_qdb-TEI-02.xml","","Done","8353352","File","xml","2026-04-23T13:19:32","false","","0"
"388","1","file:/data/l539_qdb-TEI-02.xml","/data/l539_qdb-TEI-02.xml","l539_qdb-TEI-02.xml","","Done","7443943","File","xml","2026-04-23T13:19:32","false","","0"
"389","1","file:/data/l541_qdb-TEI-02.xml","/data/l541_qdb-TEI-02.xml","l541_qdb-TEI-02.xml","","Done","8128235","File","xml","2026-04-23T13:19:33","false","","0"
"390","1","file:/data/l542_qdb-TEI-02.xml","/data/l542_qdb-TEI-02.xml","l542_qdb-TEI-02.xml","","Done","7645631","File","xml","2026-04-23T13:19:33","false","","0"
"391","1","file:/data/l540_qdb-TEI-02.xml","/data/l540_qdb-TEI-02.xml","l540_qdb-TEI-02.xml","","Done","7642911","File","xml","2026-04-23T13:19:32","false","","0"
"392","1","file:/data/l544_qdb-TEI-02.xml","/data/l544_qdb-TEI-02.xml","l544_qdb-TEI-02.xml","","Done","6688641","File","xml","2026-04-23T13:19:33","false","","0"
"393","1","file:/data/l546_qdb-TEI-02.xml","/data/l546_qdb-TEI-02.xml","l546_qdb-TEI-02.xml","","Done","9903689","File","xml","2026-04-23T13:19:33","false","","0"
"394","1","file:/data/l543_qdb-TEI-02.xml","/data/l543_qdb-TEI-02.xml","l543_qdb-TEI-02.xml","","Done","8844501","File","xml","2026-04-23T13:19:33","false","","0"
"395","1","file:/data/l545_qdb-TEI-02.xml","/data/l545_qdb-TEI-02.xml","l545_qdb-TEI-02.xml","","Done","7779875","File","xml","2026-04-23T13:19:33","false","","0"
"396","1","file:/data/l547_qdb-TEI-02.xml","/data/l547_qdb-TEI-02.xml","l547_qdb-TEI-02.xml","","Done","9780306","File","xml","2026-04-23T13:19:34","false","","0"
"397","1","file:/data/l548_qdb-TEI-02.xml","/data/l548_qdb-TEI-02.xml","l548_qdb-TEI-02.xml","","Done","7151883","File","xml","2026-04-23T13:19:34","false","","0"
"398","1","file:/data/l550_qdb-TEI-02.xml","/data/l550_qdb-TEI-02.xml","l550_qdb-TEI-02.xml","","Done","9380771","File","xml","2026-04-23T13:19:34","false","","0"
"399","1","file:/data/l549_qdb-TEI-02.xml","/data/l549_qdb-TEI-02.xml","l549_qdb-TEI-02.xml","","Done","6234146","File","xml","2026-04-23T13:19:34","false","","0"
"400","1","file:/data/l551_qdb-TEI-02.xml","/data/l551_qdb-TEI-02.xml","l551_qdb-TEI-02.xml","","Done","6565545","File","xml","2026-04-23T13:19:34","false","","0"
"401","1","file:/data/l554_qdb-TEI-02.xml","/data/l554_qdb-TEI-02.xml","l554_qdb-TEI-02.xml","","Done","11886228","File","xml","2026-04-23T13:19:35","false","","0"
"402","1","file:/data/l552_qdb-TEI-02.xml","/data/l552_qdb-TEI-02.xml","l552_qdb-TEI-02.xml","","Done","9725143","File","xml","2026-04-23T13:19:34","false","","0"
"403","1","file:/data/l553_qdb-TEI-02.xml","/data/l553_qdb-TEI-02.xml","l553_qdb-TEI-02.xml","","Done","5172082","File","xml","2026-04-23T13:19:34","false","","0"
"404","1","file:/data/l555_qdb-TEI-02.xml","/data/l555_qdb-TEI-02.xml","l555_qdb-TEI-02.xml","","Done","9449819","File","xml","2026-04-23T13:19:35","false","","0"
"405","1","file:/data/l557_qdb-TEI-02.xml","/data/l557_qdb-TEI-02.xml","l557_qdb-TEI-02.xml","","Done","9236260","File","xml","2026-04-23T13:19:35","false","","0"
"406","1","file:/data/l556_qdb-TEI-02.xml","/data/l556_qdb-TEI-02.xml","l556_qdb-TEI-02.xml","","Done","9176301","File","xml","2026-04-23T13:19:35","false","","0"
"407","1","file:/data/l558_qdb-TEI-02.xml","/data/l558_qdb-TEI-02.xml","l558_qdb-TEI-02.xml","","Done","4918923","File","xml","2026-04-23T13:19:35","false","","0"
"408","1","file:/data/l559_qdb-TEI-02.xml","/data/l559_qdb-TEI-02.xml","l559_qdb-TEI-02.xml","","Done","11395015","File","xml","2026-04-23T13:19:35","false","","0"
"409","1","file:/data/l560_qdb-TEI-02.xml","/data/l560_qdb-TEI-02.xml","l560_qdb-TEI-02.xml","","Done","9034597","File","xml","2026-04-23T13:19:36","false","","0"
"410","1","file:/data/l561_qdb-TEI-02.xml","/data/l561_qdb-TEI-02.xml","l561_qdb-TEI-02.xml","","Done","9046750","File","xml","2026-04-23T13:19:36","false","","0"
"411","1","file:/data/l562_qdb-TEI-02.xml","/data/l562_qdb-TEI-02.xml","l562_qdb-TEI-02.xml","","Done","10244841","File","xml","2026-04-23T13:19:36","false","","0"
"412","1","file:/data/l564_qdb-TEI-02.xml","/data/l564_qdb-TEI-02.xml","l564_qdb-TEI-02.xml","","Done","18612576","File","xml","2026-04-23T13:19:36","false","","0"
"413","1","file:/data/l563_qdb-TEI-02.xml","/data/l563_qdb-TEI-02.xml","l563_qdb-TEI-02.xml","","Done","9141575","File","xml","2026-04-23T13:19:36","false","","0"
"414","1","file:/data/l567_qdb-TEI-02.xml","/data/l567_qdb-TEI-02.xml","l567_qdb-TEI-02.xml","","Done","8209152","File","xml","2026-04-23T13:19:37","false","","0"
"415","1","file:/data/l566_qdb-TEI-02.xml","/data/l566_qdb-TEI-02.xml","l566_qdb-TEI-02.xml","","Done","8988200","File","xml","2026-04-23T13:19:37","false","","0"
"416","1","file:/data/l565_qdb-TEI-02.xml","/data/l565_qdb-TEI-02.xml","l565_qdb-TEI-02.xml","","Done","8048730","File","xml","2026-04-23T13:19:36","false","","0"
"417","1","file:/data/l570_qdb-TEI-02.xml","/data/l570_qdb-TEI-02.xml","l570_qdb-TEI-02.xml","","Done","9893538","File","xml","2026-04-23T13:19:37","false","","0"
"418","1","file:/data/l571_qdb-TEI-02.xml","/data/l571_qdb-TEI-02.xml","l571_qdb-TEI-02.xml","","Done","10054759","File","xml","2026-04-23T13:19:37","false","","0"
"419","1","file:/data/l568_qdb-TEI-02.xml","/data/l568_qdb-TEI-02.xml","l568_qdb-TEI-02.xml","","Done","7332437","File","xml","2026-04-23T13:19:37","false","","0"
"420","1","file:/data/l572_qdb-TEI-02.xml","/data/l572_qdb-TEI-02.xml","l572_qdb-TEI-02.xml","","Done","3986966","File","xml","2026-04-23T13:19:37","false","","0"
"421","1","file:/data/l569_qdb-TEI-02.xml","/data/l569_qdb-TEI-02.xml","l569_qdb-TEI-02.xml","","Done","10602965","File","xml","2026-04-23T13:19:37","false","","0"
"422","1","file:/data/l573_qdb-TEI-02.xml","/data/l573_qdb-TEI-02.xml","l573_qdb-TEI-02.xml","","Done","8923417","File","xml","2026-04-23T13:19:38","false","","0"
"423","1","file:/data/l574_qdb-TEI-02.xml","/data/l574_qdb-TEI-02.xml","l574_qdb-TEI-02.xml","","Done","7906979","File","xml","2026-04-23T13:19:38","false","","0"
"424","1","file:/data/l576_qdb-TEI-02.xml","/data/l576_qdb-TEI-02.xml","l576_qdb-TEI-02.xml","","Done","7935320","File","xml","2026-04-23T13:19:38","false","","0"
"425","1","file:/data/l575_qdb-TEI-02.xml","/data/l575_qdb-TEI-02.xml","l575_qdb-TEI-02.xml","","Done","6628546","File","xml","2026-04-23T13:19:38","false","","0"
"426","1","file:/data/m577_qdb-TEI-02.xml","/data/m577_qdb-TEI-02.xml","m577_qdb-TEI-02.xml","","Done","5516719","File","xml","2026-04-23T13:19:38","false","","0"
"427","1","file:/data/m578_qdb-TEI-02.xml","/data/m578_qdb-TEI-02.xml","m578_qdb-TEI-02.xml","","Done","8053453","File","xml","2026-04-23T13:19:38","false","","0"
"428","1","file:/data/m580_qdb-TEI-02.xml","/data/m580_qdb-TEI-02.xml","m580_qdb-TEI-02.xml","","Done","8203670","File","xml","2026-04-23T13:19:39","false","","0"
"429","1","file:/data/m581_qdb-TEI-02.xml","/data/m581_qdb-TEI-02.xml","m581_qdb-TEI-02.xml","","Done","7019779","File","xml","2026-04-23T13:19:39","false","","0"
"430","1","file:/data/m583_qdb-TEI-02.xml","/data/m583_qdb-TEI-02.xml","m583_qdb-TEI-02.xml","","Done","10947692","File","xml","2026-04-23T13:19:39","false","","0"
"431","1","file:/data/m579_qdb-TEI-02.xml","/data/m579_qdb-TEI-02.xml","m579_qdb-TEI-02.xml","","Done","6332004","File","xml","2026-04-23T13:19:38","false","","0"
"432","1","file:/data/m582_qdb-TEI-02.xml","/data/m582_qdb-TEI-02.xml","m582_qdb-TEI-02.xml","","Done","6102189","File","xml","2026-04-23T13:19:39","false","","0"
"433","1","file:/data/m584_qdb-TEI-02.xml","/data/m584_qdb-TEI-02.xml","m584_qdb-TEI-02.xml","","Done","7232226","File","xml","2026-04-23T13:19:39","false","","0"
"434","1","file:/data/m586_qdb-TEI-02.xml","/data/m586_qdb-TEI-02.xml","m586_qdb-TEI-02.xml","","Done","8783998","File","xml","2026-04-23T13:19:39","false","","0"
"435","1","file:/data/m589_qdb-TEI-02.xml","/data/m589_qdb-TEI-02.xml","m589_qdb-TEI-02.xml","","Done","7830820","File","xml","2026-04-23T13:19:40","false","","0"
"436","1","file:/data/m585_qdb-TEI-02.xml","/data/m585_qdb-TEI-02.xml","m585_qdb-TEI-02.xml","","Done","9997598","File","xml","2026-04-23T13:19:39","false","","0"
"437","1","file:/data/m587_qdb-TEI-02.xml","/data/m587_qdb-TEI-02.xml","m587_qdb-TEI-02.xml","","Done","11127536","File","xml","2026-04-23T13:19:40","false","","0"
"438","1","file:/data/m591_qdb-TEI-02.xml","/data/m591_qdb-TEI-02.xml","m591_qdb-TEI-02.xml","","Done","6879700","File","xml","2026-04-23T13:19:40","false","","0"
"439","1","file:/data/m588_qdb-TEI-02.xml","/data/m588_qdb-TEI-02.xml","m588_qdb-TEI-02.xml","","Done","8705013","File","xml","2026-04-23T13:19:40","false","","0"
"440","1","file:/data/m592_qdb-TEI-02.xml","/data/m592_qdb-TEI-02.xml","m592_qdb-TEI-02.xml","","Done","10868848","File","xml","2026-04-23T13:19:40","false","","0"
"441","1","file:/data/m594_qdb-TEI-02.xml","/data/m594_qdb-TEI-02.xml","m594_qdb-TEI-02.xml","","Done","8095149","File","xml","2026-04-23T13:19:41","false","","0"
"442","1","file:/data/m590_qdb-TEI-02.xml","/data/m590_qdb-TEI-02.xml","m590_qdb-TEI-02.xml","","Done","10354206","File","xml","2026-04-23T13:19:40","false","","0"
"443","1","file:/data/m593_qdb-TEI-02.xml","/data/m593_qdb-TEI-02.xml","m593_qdb-TEI-02.xml","","Done","10965534","File","xml","2026-04-23T13:19:41","false","","0"
"444","1","file:/data/m595_qdb-TEI-02.xml","/data/m595_qdb-TEI-02.xml","m595_qdb-TEI-02.xml","","Done","6994271","File","xml","2026-04-23T13:19:41","false","","0"
"445","1","file:/data/m596_qdb-TEI-02.xml","/data/m596_qdb-TEI-02.xml","m596_qdb-TEI-02.xml","","Done","10387670","File","xml","2026-04-23T13:19:41","false","","0"
"446","1","file:/data/m597_qdb-TEI-02.xml","/data/m597_qdb-TEI-02.xml","m597_qdb-TEI-02.xml","","Done","9953345","File","xml","2026-04-23T13:19:41","false","","0"
"447","1","file:/data/m599_qdb-TEI-02.xml","/data/m599_qdb-TEI-02.xml","m599_qdb-TEI-02.xml","","Done","7661855","File","xml","2026-04-23T13:19:42","false","","0"
"448","1","file:/data/m598_qdb-TEI-02.xml","/data/m598_qdb-TEI-02.xml","m598_qdb-TEI-02.xml","","Done","8635670","File","xml","2026-04-23T13:19:41","false","","0"
"449","1","file:/data/m602_qdb-TEI-02.xml","/data/m602_qdb-TEI-02.xml","m602_qdb-TEI-02.xml","","Done","9068719","File","xml","2026-04-23T13:19:42","false","","0"
"450","1","file:/data/m600_qdb-TEI-02.xml","/data/m600_qdb-TEI-02.xml","m600_qdb-TEI-02.xml","","Done","11563788","File","xml","2026-04-23T13:19:42","false","","0"
"451","1","file:/data/m601_qdb-TEI-02.xml","/data/m601_qdb-TEI-02.xml","m601_qdb-TEI-02.xml","","Done","6147023","File","xml","2026-04-23T13:19:42","false","","0"
"452","1","file:/data/m605_qdb-TEI-02.xml","/data/m605_qdb-TEI-02.xml","m605_qdb-TEI-02.xml","","Done","7522120","File","xml","2026-04-23T13:19:43","false","","0"
"453","1","file:/data/m603_qdb-TEI-02.xml","/data/m603_qdb-TEI-02.xml","m603_qdb-TEI-02.xml","","Done","6224291","File","xml","2026-04-23T13:19:42","false","","0"
"454","1","file:/data/m604_qdb-TEI-02.xml","/data/m604_qdb-TEI-02.xml","m604_qdb-TEI-02.xml","","Done","10003183","File","xml","2026-04-23T13:19:42","false","","0"
"455","1","file:/data/m607_qdb-TEI-02.xml","/data/m607_qdb-TEI-02.xml","m607_qdb-TEI-02.xml","","Done","10340789","File","xml","2026-04-23T13:19:43","false","","0"
"456","1","file:/data/m608_qdb-TEI-02.xml","/data/m608_qdb-TEI-02.xml","m608_qdb-TEI-02.xml","","Done","9328477","File","xml","2026-04-23T13:19:43","false","","0"
"457","1","file:/data/m609_qdb-TEI-02.xml","/data/m609_qdb-TEI-02.xml","m609_qdb-TEI-02.xml","","Done","10380659","File","xml","2026-04-23T13:19:43","false","","0"
"458","1","file:/data/m606_qdb-TEI-02.xml","/data/m606_qdb-TEI-02.xml","m606_qdb-TEI-02.xml","","Done","9143804","File","xml","2026-04-23T13:19:43","false","","0"
"459","1","file:/data/m610_qdb-TEI-02.xml","/data/m610_qdb-TEI-02.xml","m610_qdb-TEI-02.xml","","Done","8247507","File","xml","2026-04-23T13:19:44","false","","0"
"460","1","file:/data/m611_qdb-TEI-02.xml","/data/m611_qdb-TEI-02.xml","m611_qdb-TEI-02.xml","","Done","9990038","File","xml","2026-04-23T13:19:44","false","","0"
"461","1","file:/data/n614_qdb-TEI-02.xml","/data/n614_qdb-TEI-02.xml","n614_qdb-TEI-02.xml","","Done","9007244","File","xml","2026-04-23T13:19:44","false","","0"
"462","1","file:/data/n616_qdb-TEI-02.xml","/data/n616_qdb-TEI-02.xml","n616_qdb-TEI-02.xml","","Done","7624459","File","xml","2026-04-23T13:19:44","false","","0"
"463","1","file:/data/n613_qdb-TEI-02.xml","/data/n613_qdb-TEI-02.xml","n613_qdb-TEI-02.xml","","Done","6353581","File","xml","2026-04-23T13:19:44","false","","0"
"464","1","file:/data/m612_qdb-TEI-02.xml","/data/m612_qdb-TEI-02.xml","m612_qdb-TEI-02.xml","","Done","10961591","File","xml","2026-04-23T13:19:44","false","","0"
"465","1","file:/data/n615_qdb-TEI-02.xml","/data/n615_qdb-TEI-02.xml","n615_qdb-TEI-02.xml","","Done","10278505","File","xml","2026-04-23T13:19:44","false","","0"
"466","1","file:/data/n618_qdb-TEI-02.xml","/data/n618_qdb-TEI-02.xml","n618_qdb-TEI-02.xml","","Done","11224423","File","xml","2026-04-23T13:19:45","false","","0"
"467","1","file:/data/n617_qdb-TEI-02.xml","/data/n617_qdb-TEI-02.xml","n617_qdb-TEI-02.xml","","Done","10184111","File","xml","2026-04-23T13:19:45","false","","0"
"468","1","file:/data/n619_qdb-TEI-02.xml","/data/n619_qdb-TEI-02.xml","n619_qdb-TEI-02.xml","","Done","8286093","File","xml","2026-04-23T13:19:45","false","","0"
"469","1","file:/data/n620_qdb-TEI-02.xml","/data/n620_qdb-TEI-02.xml","n620_qdb-TEI-02.xml","","Done","11284130","File","xml","2026-04-23T13:19:45","false","","0"
"470","1","file:/data/n621_qdb-TEI-02.xml","/data/n621_qdb-TEI-02.xml","n621_qdb-TEI-02.xml","","Done","5126445","File","xml","2026-04-23T13:19:45","false","","0"
"471","1","file:/data/n622_qdb-TEI-02.xml","/data/n622_qdb-TEI-02.xml","n622_qdb-TEI-02.xml","","Done","6003180","File","xml","2026-04-23T13:19:45","false","","0"
"472","1","file:/data/n625_qdb-TEI-02.xml","/data/n625_qdb-TEI-02.xml","n625_qdb-TEI-02.xml","","Done","11698529","File","xml","2026-04-23T13:19:46","false","","0"
"473","1","file:/data/n624_qdb-TEI-02.xml","/data/n624_qdb-TEI-02.xml","n624_qdb-TEI-02.xml","","Done","10764015","File","xml","2026-04-23T13:19:46","false","","0"
"474","1","file:/data/n623_qdb-TEI-02.xml","/data/n623_qdb-TEI-02.xml","n623_qdb-TEI-02.xml","","Done","9439226","File","xml","2026-04-23T13:19:45","false","","0"
"475","1","file:/data/n627_qdb-TEI-02.xml","/data/n627_qdb-TEI-02.xml","n627_qdb-TEI-02.xml","","Done","7344671","File","xml","2026-04-23T13:19:46","false","","0"
"476","1","file:/data/n626_qdb-TEI-02.xml","/data/n626_qdb-TEI-02.xml","n626_qdb-TEI-02.xml","","Done","10431523","File","xml","2026-04-23T13:19:46","false","","0"
"477","1","file:/data/n629_qdb-TEI-02.xml","/data/n629_qdb-TEI-02.xml","n629_qdb-TEI-02.xml","","Done","8066656","File","xml","2026-04-23T13:19:46","false","","0"
"478","1","file:/data/n628_qdb-TEI-02.xml","/data/n628_qdb-TEI-02.xml","n628_qdb-TEI-02.xml","","Done","10261499","File","xml","2026-04-23T13:19:46","false","","0"
"479","1","file:/data/n630_qdb-TEI-02.xml","/data/n630_qdb-TEI-02.xml","n630_qdb-TEI-02.xml","","Done","7578135","File","xml","2026-04-23T13:19:47","false","","0"
"480","1","file:/data/o632_qdb-TEI-02.xml","/data/o632_qdb-TEI-02.xml","o632_qdb-TEI-02.xml","","Done","11405612","File","xml","2026-04-23T13:19:47","false","","0"
"481","1","file:/data/o631_qdb-TEI-02.xml","/data/o631_qdb-TEI-02.xml","o631_qdb-TEI-02.xml","","Done","9651885","File","xml","2026-04-23T13:19:47","false","","0"
"482","1","file:/data/o633_qdb-TEI-02.xml","/data/o633_qdb-TEI-02.xml","o633_qdb-TEI-02.xml","","Done","9675806","File","xml","2026-04-23T13:19:47","false","","0"
"483","1","file:/data/o635_qdb-TEI-02.xml","/data/o635_qdb-TEI-02.xml","o635_qdb-TEI-02.xml","","Done","10544499","File","xml","2026-04-23T13:19:48","false","","0"
"484","1","file:/data/q636_qdb-TEI-02.xml","/data/q636_qdb-TEI-02.xml","q636_qdb-TEI-02.xml","","Done","6959708","File","xml","2026-04-23T13:19:48","false","","0"
"485","1","file:/data/r638_qdb-TEI-02.xml","/data/r638_qdb-TEI-02.xml","r638_qdb-TEI-02.xml","","Done","8146220","File","xml","2026-04-23T13:19:48","false","","0"
"486","1","file:/data/o634_qdb-TEI-02.xml","/data/o634_qdb-TEI-02.xml","o634_qdb-TEI-02.xml","","Done","9532351","File","xml","2026-04-23T13:19:47","false","","0"
"487","1","file:/data/r637_qdb-TEI-02.xml","/data/r637_qdb-TEI-02.xml","r637_qdb-TEI-02.xml","","Done","9581441","File","xml","2026-04-23T13:19:48","false","","0"
"488","1","file:/data/r639_qdb-TEI-02.xml","/data/r639_qdb-TEI-02.xml","r639_qdb-TEI-02.xml","","Done","13191071","File","xml","2026-04-23T13:19:48","false","","0"
"489","1","file:/data/r640_qdb-TEI-02.xml","/data/r640_qdb-TEI-02.xml","r640_qdb-TEI-02.xml","","Done","7975696","File","xml","2026-04-23T13:19:48","false","","0"
"490","1","file:/data/r642_qdb-TEI-02.xml","/data/r642_qdb-TEI-02.xml","r642_qdb-TEI-02.xml","","Done","9815570","File","xml","2026-04-23T13:19:49","false","","0"
"491","1","file:/data/r641_qdb-TEI-02.xml","/data/r641_qdb-TEI-02.xml","r641_qdb-TEI-02.xml","","Done","13248525","File","xml","2026-04-23T13:19:49","false","","0"
"492","1","file:/data/r643_qdb-TEI-02.xml","/data/r643_qdb-TEI-02.xml","r643_qdb-TEI-02.xml","","Done","11461188","File","xml","2026-04-23T13:19:49","false","","0"
"493","1","file:/data/r644_qdb-TEI-02.xml","/data/r644_qdb-TEI-02.xml","r644_qdb-TEI-02.xml","","Done","6918217","File","xml","2026-04-23T13:19:49","false","","0"
"494","1","file:/data/r646_qdb-TEI-02.xml","/data/r646_qdb-TEI-02.xml","r646_qdb-TEI-02.xml","","Done","11516121","File","xml","2026-04-23T13:19:50","false","","0"
"495","1","file:/data/r645_qdb-TEI-02.xml","/data/r645_qdb-TEI-02.xml","r645_qdb-TEI-02.xml","","Done","9540329","File","xml","2026-04-23T13:19:49","false","","0"
"496","1","file:/data/r648_qdb-TEI-02.xml","/data/r648_qdb-TEI-02.xml","r648_qdb-TEI-02.xml","","Done","7039080","File","xml","2026-04-23T13:19:50","false","","0"
"497","1","file:/data/r647_qdb-TEI-02.xml","/data/r647_qdb-TEI-02.xml","r647_qdb-TEI-02.xml","","Done","11175788","File","xml","2026-04-23T13:19:50","false","","0"
"498","1","file:/data/r649_qdb-TEI-02.xml","/data/r649_qdb-TEI-02.xml","r649_qdb-TEI-02.xml","","Done","10074099","File","xml","2026-04-23T13:19:50","false","","0"
"499","1","file:/data/r650_qdb-TEI-02.xml","/data/r650_qdb-TEI-02.xml","r650_qdb-TEI-02.xml","","Done","10739094","File","xml","2026-04-23T13:19:50","false","","0"
"500","1","file:/data/r651_qdb-TEI-02.xml","/data/r651_qdb-TEI-02.xml","r651_qdb-TEI-02.xml","","Done","11276324","File","xml","2026-04-23T13:19:50","false","","0"
"501","1","file:/data/r652_qdb-TEI-02.xml","/data/r652_qdb-TEI-02.xml","r652_qdb-TEI-02.xml","","Done","13482126","File","xml","2026-04-23T13:19:51","false","","0"
"502","1","file:/data/r653_qdb-TEI-02.xml","/data/r653_qdb-TEI-02.xml","r653_qdb-TEI-02.xml","","Done","12064298","File","xml","2026-04-23T13:19:51","false","","0"
"503","1","file:/data/r654_qdb-TEI-02.xml","/data/r654_qdb-TEI-02.xml","r654_qdb-TEI-02.xml","","Done","12758020","File","xml","2026-04-23T13:19:51","false","","0"
"504","1","file:/data/r656_qdb-TEI-02.xml","/data/r656_qdb-TEI-02.xml","r656_qdb-TEI-02.xml","","Done","11366208","File","xml","2026-04-23T13:19:51","false","","0"
"505","1","file:/data/r655_qdb-TEI-02.xml","/data/r655_qdb-TEI-02.xml","r655_qdb-TEI-02.xml","","Done","9957266","File","xml","2026-04-23T13:19:51","false","","0"
"506","1","file:/data/r659_qdb-TEI-02.xml","/data/r659_qdb-TEI-02.xml","r659_qdb-TEI-02.xml","","Done","10798562","File","xml","2026-04-23T13:19:52","false","","0"
"507","1","file:/data/r660_qdb-TEI-02.xml","/data/r660_qdb-TEI-02.xml","r660_qdb-TEI-02.xml","","Done","12816547","File","xml","2026-04-23T13:19:52","false","","0"
"508","1","file:/data/r657_qdb-TEI-02.xml","/data/r657_qdb-TEI-02.xml","r657_qdb-TEI-02.xml","","Done","12395565","File","xml","2026-04-23T13:19:52","false","","0"
"509","1","file:/data/r658_qdb-TEI-02.xml","/data/r658_qdb-TEI-02.xml","r658_qdb-TEI-02.xml","","Done","11518351","File","xml","2026-04-23T13:19:52","false","","0"
"510","1","file:/data/r661_qdb-TEI-02.xml","/data/r661_qdb-TEI-02.xml","r661_qdb-TEI-02.xml","","Done","9782188","File","xml","2026-04-23T13:19:52","false","","0"
"511","1","file:/data/r663_qdb-TEI-02.xml","/data/r663_qdb-TEI-02.xml","r663_qdb-TEI-02.xml","","Done","12282715","File","xml","2026-04-23T13:19:53","false","","0"
"512","1","file:/data/r662_qdb-TEI-02.xml","/data/r662_qdb-TEI-02.xml","r662_qdb-TEI-02.xml","","Done","9399638","File","xml","2026-04-23T13:19:53","false","","0"
"513","1","file:/data/r666_qdb-TEI-02.xml","/data/r666_qdb-TEI-02.xml","r666_qdb-TEI-02.xml","","Done","8559794","File","xml","2026-04-23T13:19:53","false","","0"
"514","1","file:/data/r664_qdb-TEI-02.xml","/data/r664_qdb-TEI-02.xml","r664_qdb-TEI-02.xml","","Done","11895019","File","xml","2026-04-23T13:19:53","false","","0"
"515","1","file:/data/r665_qdb-TEI-02.xml","/data/r665_qdb-TEI-02.xml","r665_qdb-TEI-02.xml","","Done","10770691","File","xml","2026-04-23T13:19:53","false","","0"
"516","1","file:/data/r668_qdb-TEI-02.xml","/data/r668_qdb-TEI-02.xml","r668_qdb-TEI-02.xml","","Done","9686893","File","xml","2026-04-23T13:19:54","false","","0"
"517","1","file:/data/r667_qdb-TEI-02.xml","/data/r667_qdb-TEI-02.xml","r667_qdb-TEI-02.xml","","Done","9205810","File","xml","2026-04-23T13:19:53","false","","0"
"518","1","file:/data/r670_qdb-TEI-02.xml","/data/r670_qdb-TEI-02.xml","r670_qdb-TEI-02.xml","","Done","11284887","File","xml","2026-04-23T13:19:54","false","","0"
"519","1","file:/data/r669_qdb-TEI-02.xml","/data/r669_qdb-TEI-02.xml","r669_qdb-TEI-02.xml","","Done","10211537","File","xml","2026-04-23T13:19:54","false","","0"
"520","1","file:/data/s671_qdb-TEI-02.xml","/data/s671_qdb-TEI-02.xml","s671_qdb-TEI-02.xml","","Done","10747557","File","xml","2026-04-23T13:19:54","false","","0"
"521","1","file:/data/s673_qdb-TEI-02.xml","/data/s673_qdb-TEI-02.xml","s673_qdb-TEI-02.xml","","Done","11634523","File","xml","2026-04-23T13:19:54","false","","0"
"522","1","file:/data/s674_qdb-TEI-02.xml","/data/s674_qdb-TEI-02.xml","s674_qdb-TEI-02.xml","","Done","11110056","File","xml","2026-04-23T13:19:55","false","","0"
"523","1","file:/data/s675_qdb-TEI-02.xml","/data/s675_qdb-TEI-02.xml","s675_qdb-TEI-02.xml","","Done","7078774","File","xml","2026-04-23T13:19:55","false","","0"
"524","1","file:/data/s672_qdb-TEI-02.xml","/data/s672_qdb-TEI-02.xml","s672_qdb-TEI-02.xml","","Done","12799188","File","xml","2026-04-23T13:19:54","false","","0"
"525","1","file:/data/s677_qdb-TEI-02.xml","/data/s677_qdb-TEI-02.xml","s677_qdb-TEI-02.xml","","Done","8788860","File","xml","2026-04-23T13:19:55","false","","0"
"526","1","file:/data/s676_qdb-TEI-02.xml","/data/s676_qdb-TEI-02.xml","s676_qdb-TEI-02.xml","","Done","7146164","File","xml","2026-04-23T13:19:55","false","","0"
"527","1","file:/data/s678_qdb-TEI-02.xml","/data/s678_qdb-TEI-02.xml","s678_qdb-TEI-02.xml","","Done","9003563","File","xml","2026-04-23T13:19:55","false","","0"
"528","1","file:/data/s682_qdb-TEI-02.xml","/data/s682_qdb-TEI-02.xml","s682_qdb-TEI-02.xml","","Done","8661658","File","xml","2026-04-23T13:19:56","false","","0"
"529","1","file:/data/s679_qdb-TEI-02.xml","/data/s679_qdb-TEI-02.xml","s679_qdb-TEI-02.xml","","Done","9489409","File","xml","2026-04-23T13:19:55","false","","0"
"530","1","file:/data/s681_qdb-TEI-02.xml","/data/s681_qdb-TEI-02.xml","s681_qdb-TEI-02.xml","","Done","9019384","File","xml","2026-04-23T13:19:56","false","","0"
"531","1","file:/data/s680_qdb-TEI-02.xml","/data/s680_qdb-TEI-02.xml","s680_qdb-TEI-02.xml","","Done","7278666","File","xml","2026-04-23T13:19:55","false","","0"
"532","1","file:/data/s684_qdb-TEI-02.xml","/data/s684_qdb-TEI-02.xml","s684_qdb-TEI-02.xml","","Done","7481459","File","xml","2026-04-23T13:19:56","false","","0"
"533","1","file:/data/s686_qdb-TEI-02.xml","/data/s686_qdb-TEI-02.xml","s686_qdb-TEI-02.xml","","Done","8498383","File","xml","2026-04-23T13:19:56","false","","0"
"534","1","file:/data/s685_qdb-TEI-02.xml","/data/s685_qdb-TEI-02.xml","s685_qdb-TEI-02.xml","","Done","8172691","File","xml","2026-04-23T13:19:56","false","","0"
"535","1","file:/data/s689_qdb-TEI-02.xml","/data/s689_qdb-TEI-02.xml","s689_qdb-TEI-02.xml","","Done","10747017","File","xml","2026-04-23T13:19:57","false","","0"
"536","1","file:/data/s683_qdb-TEI-02.xml","/data/s683_qdb-TEI-02.xml","s683_qdb-TEI-02.xml","","Done","8495409","File","xml","2026-04-23T13:19:56","false","","0"
"537","1","file:/data/s690_qdb-TEI-02.xml","/data/s690_qdb-TEI-02.xml","s690_qdb-TEI-02.xml","","Done","12519058","File","xml","2026-04-23T13:19:57","false","","0"
"538","1","file:/data/s687_qdb-TEI-02.xml","/data/s687_qdb-TEI-02.xml","s687_qdb-TEI-02.xml","","Done","11491469","File","xml","2026-04-23T13:19:57","false","","0"
"539","1","file:/data/s691_qdb-TEI-02.xml","/data/s691_qdb-TEI-02.xml","s691_qdb-TEI-02.xml","","Done","9486607","File","xml","2026-04-23T13:19:57","false","","0"
"540","1","file:/data/s688_qdb-TEI-02.xml","/data/s688_qdb-TEI-02.xml","s688_qdb-TEI-02.xml","","Done","11222563","File","xml","2026-04-23T13:19:57","false","","0"
"541","1","file:/data/s693_qdb-TEI-02.xml","/data/s693_qdb-TEI-02.xml","s693_qdb-TEI-02.xml","","Done","10567836","File","xml","2026-04-23T13:19:58","false","","0"
"542","1","file:/data/s692_qdb-TEI-02.xml","/data/s692_qdb-TEI-02.xml","s692_qdb-TEI-02.xml","","Done","8790258","File","xml","2026-04-23T13:19:57","false","","0"
"543","1","file:/data/s694_qdb-TEI-02.xml","/data/s694_qdb-TEI-02.xml","s694_qdb-TEI-02.xml","","Done","9948281","File","xml","2026-04-23T13:19:58","false","","0"
"544","1","file:/data/s695_qdb-TEI-02.xml","/data/s695_qdb-TEI-02.xml","s695_qdb-TEI-02.xml","","Done","9960436","File","xml","2026-04-23T13:19:58","false","","0"
"545","1","file:/data/s699_qdb-TEI-02.xml","/data/s699_qdb-TEI-02.xml","s699_qdb-TEI-02.xml","","Done","13200266","File","xml","2026-04-23T13:19:59","false","","0"
"546","1","file:/data/s696_qdb-TEI-02.xml","/data/s696_qdb-TEI-02.xml","s696_qdb-TEI-02.xml","","Done","9808749","File","xml","2026-04-23T13:19:58","false","","0"
"547","1","file:/data/s697_qdb-TEI-02.xml","/data/s697_qdb-TEI-02.xml","s697_qdb-TEI-02.xml","","Done","11534762","File","xml","2026-04-23T13:19:58","false","","0"
"548","1","file:/data/s698_qdb-TEI-02.xml","/data/s698_qdb-TEI-02.xml","s698_qdb-TEI-02.xml","","Done","9696811","File","xml","2026-04-23T13:19:59","false","","0"
"549","1","file:/data/s700_qdb-TEI-02.xml","/data/s700_qdb-TEI-02.xml","s700_qdb-TEI-02.xml","","Done","12140420","File","xml","2026-04-23T13:19:59","false","","0"
"550","1","file:/data/s703_qdb-TEI-02.xml","/data/s703_qdb-TEI-02.xml","s703_qdb-TEI-02.xml","","Done","11176711","File","xml","2026-04-23T13:20:00","false","","0"
"551","1","file:/data/s702_qdb-TEI-02.xml","/data/s702_qdb-TEI-02.xml","s702_qdb-TEI-02.xml","","Done","7473128","File","xml","2026-04-23T13:19:59","false","","0"
"552","1","file:/data/s704_qdb-TEI-02.xml","/data/s704_qdb-TEI-02.xml","s704_qdb-TEI-02.xml","","Done","10063725","File","xml","2026-04-23T13:20:00","false","","0"
"553","1","file:/data/s701_qdb-TEI-02.xml","/data/s701_qdb-TEI-02.xml","s701_qdb-TEI-02.xml","","Done","12024640","File","xml","2026-04-23T13:19:59","false","","0"
"554","1","file:/data/s705_qdb-TEI-02.xml","/data/s705_qdb-TEI-02.xml","s705_qdb-TEI-02.xml","","Done","9902802","File","xml","2026-04-23T13:20:00","false","","0"
"555","1","file:/data/s709_qdb-TEI-02.xml","/data/s709_qdb-TEI-02.xml","s709_qdb-TEI-02.xml","","Done","9323734","File","xml","2026-04-23T13:20:01","false","","0"
"556","1","file:/data/s706_qdb-TEI-02.xml","/data/s706_qdb-TEI-02.xml","s706_qdb-TEI-02.xml","","Done","9479278","File","xml","2026-04-23T13:20:00","false","","0"
"557","1","file:/data/s707_qdb-TEI-02.xml","/data/s707_qdb-TEI-02.xml","s707_qdb-TEI-02.xml","","Done","9455837","File","xml","2026-04-23T13:20:00","false","","0"
"558","1","file:/data/s710_qdb-TEI-02.xml","/data/s710_qdb-TEI-02.xml","s710_qdb-TEI-02.xml","","Done","8093635","File","xml","2026-04-23T13:20:01","false","","0"
"559","1","file:/data/s708_qdb-TEI-02.xml","/data/s708_qdb-TEI-02.xml","s708_qdb-TEI-02.xml","","Done","12000681","File","xml","2026-04-23T13:20:00","false","","0"
"560","1","file:/data/s713_qdb-TEI-02.xml","/data/s713_qdb-TEI-02.xml","s713_qdb-TEI-02.xml","","Done","5842492","File","xml","2026-04-23T13:20:01","false","","0"
"561","1","file:/data/s711_qdb-TEI-02.xml","/data/s711_qdb-TEI-02.xml","s711_qdb-TEI-02.xml","","Done","4356671","File","xml","2026-04-23T13:20:01","false","","0"
"562","1","file:/data/s712_qdb-TEI-02.xml","/data/s712_qdb-TEI-02.xml","s712_qdb-TEI-02.xml","","Done","9143028","File","xml","2026-04-23T13:20:01","false","","0"
"563","1","file:/data/s714_qdb-TEI-02.xml","/data/s714_qdb-TEI-02.xml","s714_qdb-TEI-02.xml","","Done","8469079","File","xml","2026-04-23T13:20:01","false","","0"
"564","1","file:/data/s715_qdb-TEI-02.xml","/data/s715_qdb-TEI-02.xml","s715_qdb-TEI-02.xml","","Done","9373346","File","xml","2026-04-23T13:20:01","false","","0"
"565","1","file:/data/s716_qdb-TEI-02.xml","/data/s716_qdb-TEI-02.xml","s716_qdb-TEI-02.xml","","Done","5091485","File","xml","2026-04-23T13:20:02","false","","0"
"566","1","file:/data/s717_qdb-TEI-02.xml","/data/s717_qdb-TEI-02.xml","s717_qdb-TEI-02.xml","","Done","11461305","File","xml","2026-04-23T13:20:02","false","","0"
"567","1","file:/data/s718_qdb-TEI-02.xml","/data/s718_qdb-TEI-02.xml","s718_qdb-TEI-02.xml","","Done","3960937","File","xml","2026-04-23T13:20:02","false","","0"
"568","1","file:/data/s721_qdb-TEI-02.xml","/data/s721_qdb-TEI-02.xml","s721_qdb-TEI-02.xml","","Done","7005601","File","xml","2026-04-23T13:20:02","false","","0"
"569","1","file:/data/s719_qdb-TEI-02.xml","/data/s719_qdb-TEI-02.xml","s719_qdb-TEI-02.xml","","Done","8275233","File","xml","2026-04-23T13:20:02","false","","0"
"570","1","file:/data/s722_qdb-TEI-02.xml","/data/s722_qdb-TEI-02.xml","s722_qdb-TEI-02.xml","","Done","13280832","File","xml","2026-04-23T13:20:03","false","","0"
"571","1","file:/data/s724_qdb-TEI-02.xml","/data/s724_qdb-TEI-02.xml","s724_qdb-TEI-02.xml","","Done","6293409","File","xml","2026-04-23T13:20:03","false","","0"
"572","1","file:/data/s720_qdb-TEI-02.xml","/data/s720_qdb-TEI-02.xml","s720_qdb-TEI-02.xml","","Done","12019778","File","xml","2026-04-23T13:20:02","false","","0"
"573","1","file:/data/s723_qdb-TEI-02.xml","/data/s723_qdb-TEI-02.xml","s723_qdb-TEI-02.xml","","Done","12409755","File","xml","2026-04-23T13:20:03","false","","0"
"574","1","file:/data/s725_qdb-TEI-02.xml","/data/s725_qdb-TEI-02.xml","s725_qdb-TEI-02.xml","","Done","7126256","File","xml","2026-04-23T13:20:03","false","","0"
"575","1","file:/data/s726_qdb-TEI-02.xml","/data/s726_qdb-TEI-02.xml","s726_qdb-TEI-02.xml","","Done","9383731","File","xml","2026-04-23T13:20:03","false","","0"
"576","1","file:/data/s727_qdb-TEI-02.xml","/data/s727_qdb-TEI-02.xml","s727_qdb-TEI-02.xml","","Done","11283455","File","xml","2026-04-23T13:20:03","false","","0"
"577","1","file:/data/s728_qdb-TEI-02.xml","/data/s728_qdb-TEI-02.xml","s728_qdb-TEI-02.xml","","Done","10114112","File","xml","2026-04-23T13:20:04","false","","0"
"578","1","file:/data/s729_qdb-TEI-02.xml","/data/s729_qdb-TEI-02.xml","s729_qdb-TEI-02.xml","","Done","9604492","File","xml","2026-04-23T13:20:04","false","","0"
"579","1","file:/data/s731_qdb-TEI-02.xml","/data/s731_qdb-TEI-02.xml","s731_qdb-TEI-02.xml","","Done","10848386","File","xml","2026-04-23T13:20:04","false","","0"
"580","1","file:/data/s730_qdb-TEI-02.xml","/data/s730_qdb-TEI-02.xml","s730_qdb-TEI-02.xml","","Done","11204465","File","xml","2026-04-23T13:20:04","false","","0"
"581","1","file:/data/s732_qdb-TEI-02.xml","/data/s732_qdb-TEI-02.xml","s732_qdb-TEI-02.xml","","Done","11006985","File","xml","2026-04-23T13:20:04","false","","0"
"582","1","file:/data/s734_qdb-TEI-02.xml","/data/s734_qdb-TEI-02.xml","s734_qdb-TEI-02.xml","","Done","10307444","File","xml","2026-04-23T13:20:05","false","","0"
"583","1","file:/data/s733_qdb-TEI-02.xml","/data/s733_qdb-TEI-02.xml","s733_qdb-TEI-02.xml","","Done","7585950","File","xml","2026-04-23T13:20:04","false","","0"
"584","1","file:/data/s737_qdb-TEI-02.xml","/data/s737_qdb-TEI-02.xml","s737_qdb-TEI-02.xml","","Done","9518455","File","xml","2026-04-23T13:20:05","false","","0"
"585","1","file:/data/s736_qdb-TEI-02.xml","/data/s736_qdb-TEI-02.xml","s736_qdb-TEI-02.xml","","Done","8186158","File","xml","2026-04-23T13:20:05","false","","0"
"586","1","file:/data/s735_qdb-TEI-02.xml","/data/s735_qdb-TEI-02.xml","s735_qdb-TEI-02.xml","","Done","4234017","File","xml","2026-04-23T13:20:05","false","","0"
"587","1","file:/data/s739_qdb-TEI-02.xml","/data/s739_qdb-TEI-02.xml","s739_qdb-TEI-02.xml","","Done","8155488","File","xml","2026-04-23T13:20:05","false","","0"
"588","1","file:/data/s740_qdb-TEI-02.xml","/data/s740_qdb-TEI-02.xml","s740_qdb-TEI-02.xml","","Done","9498050","File","xml","2026-04-23T13:20:05","false","","0"
"589","1","file:/data/s742_qdb-TEI-02.xml","/data/s742_qdb-TEI-02.xml","s742_qdb-TEI-02.xml","","Done","8642609","File","xml","2026-04-23T13:20:06","false","","0"
"590","1","file:/data/s738_qdb-TEI-02.xml","/data/s738_qdb-TEI-02.xml","s738_qdb-TEI-02.xml","","Done","8620002","File","xml","2026-04-23T13:20:05","false","","0"
"591","1","file:/data/s743_qdb-TEI-02.xml","/data/s743_qdb-TEI-02.xml","s743_qdb-TEI-02.xml","","Done","5218356","File","xml","2026-04-23T13:20:06","false","","0"
"592","1","file:/data/s744_qdb-TEI-02.xml","/data/s744_qdb-TEI-02.xml","s744_qdb-TEI-02.xml","","Done","10580138","File","xml","2026-04-23T13:20:06","false","","0"
"593","1","file:/data/s746_qdb-TEI-02.xml","/data/s746_qdb-TEI-02.xml","s746_qdb-TEI-02.xml","","Done","9351663","File","xml","2026-04-23T13:20:06","false","","0"
"594","1","file:/data/s745_qdb-TEI-02.xml","/data/s745_qdb-TEI-02.xml","s745_qdb-TEI-02.xml","","Done","12246777","File","xml","2026-04-23T13:20:06","false","","0"
"595","1","file:/data/s747_qdb-TEI-02.xml","/data/s747_qdb-TEI-02.xml","s747_qdb-TEI-02.xml","","Done","8497967","File","xml","2026-04-23T13:20:07","false","","0"
"596","1","file:/data/s741_qdb-TEI-02.xml","/data/s741_qdb-TEI-02.xml","s741_qdb-TEI-02.xml","","Done","8520147","File","xml","2026-04-23T13:20:06","false","","0"
"597","1","file:/data/s748_qdb-TEI-02.xml","/data/s748_qdb-TEI-02.xml","s748_qdb-TEI-02.xml","","Done","7806743","File","xml","2026-04-23T13:20:07","false","","0"
"598","1","file:/data/s749_qdb-TEI-02.xml","/data/s749_qdb-TEI-02.xml","s749_qdb-TEI-02.xml","","Done","8759317","File","xml","2026-04-23T13:20:07","false","","0"
"599","1","file:/data/s750_qdb-TEI-02.xml","/data/s750_qdb-TEI-02.xml","s750_qdb-TEI-02.xml","","Done","5278945","File","xml","2026-04-23T13:20:07","false","","0"
"600","1","file:/data/s752_qdb-TEI-02.xml","/data/s752_qdb-TEI-02.xml","s752_qdb-TEI-02.xml","","Done","11437685","File","xml","2026-04-23T13:20:07","false","","0"
"601","1","file:/data/s751_qdb-TEI-02.xml","/data/s751_qdb-TEI-02.xml","s751_qdb-TEI-02.xml","","Done","12379048","File","xml","2026-04-23T13:20:07","false","","0"
"602","1","file:/data/s753_qdb-TEI-02.xml","/data/s753_qdb-TEI-02.xml","s753_qdb-TEI-02.xml","","Done","12373517","File","xml","2026-04-23T13:20:07","false","","0"
"603","1","file:/data/s754_qdb-TEI-02.xml","/data/s754_qdb-TEI-02.xml","s754_qdb-TEI-02.xml","","Done","8365640","File","xml","2026-04-23T13:20:08","false","","0"
"604","1","file:/data/s755_qdb-TEI-02.xml","/data/s755_qdb-TEI-02.xml","s755_qdb-TEI-02.xml","","Done","9162028","File","xml","2026-04-23T13:20:08","false","","0"
"605","1","file:/data/s756_qdb-TEI-02.xml","/data/s756_qdb-TEI-02.xml","s756_qdb-TEI-02.xml","","Done","10659272","File","xml","2026-04-23T13:20:08","false","","0"
"606","1","file:/data/s759_qdb-TEI-02.xml","/data/s759_qdb-TEI-02.xml","s759_qdb-TEI-02.xml","","Done","7061255","File","xml","2026-04-23T13:20:08","false","","0"
"607","1","file:/data/s757_qdb-TEI-02.xml","/data/s757_qdb-TEI-02.xml","s757_qdb-TEI-02.xml","","Done","3308053","File","xml","2026-04-23T13:20:08","false","","0"
"608","1","file:/data/s758_qdb-TEI-02.xml","/data/s758_qdb-TEI-02.xml","s758_qdb-TEI-02.xml","","Done","10071987","File","xml","2026-04-23T13:20:08","false","","0"
"609","1","file:/data/s761_qdb-TEI-02.xml","/data/s761_qdb-TEI-02.xml","s761_qdb-TEI-02.xml","","Done","9928281","File","xml","2026-04-23T13:20:09","false","","0"
"610","1","file:/data/s762_qdb-TEI-02.xml","/data/s762_qdb-TEI-02.xml","s762_qdb-TEI-02.xml","","Done","10328166","File","xml","2026-04-23T13:20:09","false","","0"
"611","1","file:/data/s760_qdb-TEI-02.xml","/data/s760_qdb-TEI-02.xml","s760_qdb-TEI-02.xml","","Done","9641997","File","xml","2026-04-23T13:20:09","false","","0"
"612","1","file:/data/s764_qdb-TEI-02.xml","/data/s764_qdb-TEI-02.xml","s764_qdb-TEI-02.xml","","Done","12958861","File","xml","2026-04-23T13:20:09","false","","0"
"613","1","file:/data/s763_qdb-TEI-02.xml","/data/s763_qdb-TEI-02.xml","s763_qdb-TEI-02.xml","","Done","9093141","File","xml","2026-04-23T13:20:09","false","","0"
"614","1","file:/data/s765_qdb-TEI-02.xml","/data/s765_qdb-TEI-02.xml","s765_qdb-TEI-02.xml","","Done","7404031","File","xml","2026-04-23T13:20:09","false","","0"
"615","1","file:/data/s768_qdb-TEI-02.xml","/data/s768_qdb-TEI-02.xml","s768_qdb-TEI-02.xml","","Done","8708402","File","xml","2026-04-23T13:20:10","false","","0"
"616","1","file:/data/s770_qdb-TEI-02.xml","/data/s770_qdb-TEI-02.xml","s770_qdb-TEI-02.xml","","Done","11502789","File","xml","2026-04-23T13:20:10","false","","0"
"617","1","file:/data/s769_qdb-TEI-02.xml","/data/s769_qdb-TEI-02.xml","s769_qdb-TEI-02.xml","","Done","10046680","File","xml","2026-04-23T13:20:10","false","","0"
"618","1","file:/data/s766_qdb-TEI-02.xml","/data/s766_qdb-TEI-02.xml","s766_qdb-TEI-02.xml","","Done","8551410","File","xml","2026-04-23T13:20:10","false","","0"
"619","1","file:/data/s767_qdb-TEI-02.xml","/data/s767_qdb-TEI-02.xml","s767_qdb-TEI-02.xml","","Done","9742007","File","xml","2026-04-23T13:20:10","false","","0"
"620","1","file:/data/s771_qdb-TEI-02.xml","/data/s771_qdb-TEI-02.xml","s771_qdb-TEI-02.xml","","Done","10472204","File","xml","2026-04-23T13:20:10","false","","0"
"621","1","file:/data/s774_qdb-TEI-02.xml","/data/s774_qdb-TEI-02.xml","s774_qdb-TEI-02.xml","","Done","8856959","File","xml","2026-04-23T13:20:11","false","","0"
"622","1","file:/data/s772_qdb-TEI-02.xml","/data/s772_qdb-TEI-02.xml","s772_qdb-TEI-02.xml","","Done","7555960","File","xml","2026-04-23T13:20:10","false","","0"
"623","1","file:/data/s773_qdb-TEI-02.xml","/data/s773_qdb-TEI-02.xml","s773_qdb-TEI-02.xml","","Done","10496617","File","xml","2026-04-23T13:20:11","false","","0"
"624","1","file:/data/s775_qdb-TEI-02.xml","/data/s775_qdb-TEI-02.xml","s775_qdb-TEI-02.xml","","Done","11073698","File","xml","2026-04-23T13:20:11","false","","0"
"625","1","file:/data/s776_qdb-TEI-02.xml","/data/s776_qdb-TEI-02.xml","s776_qdb-TEI-02.xml","","Done","7413797","File","xml","2026-04-23T13:20:11","false","","0"
"626","1","file:/data/s777_qdb-TEI-02.xml","/data/s777_qdb-TEI-02.xml","s777_qdb-TEI-02.xml","","Done","9032664","File","xml","2026-04-23T13:20:11","false","","0"
"627","1","file:/data/s779_qdb-TEI-02.xml","/data/s779_qdb-TEI-02.xml","s779_qdb-TEI-02.xml","","Done","10073878","File","xml","2026-04-23T13:20:12","false","","0"
"628","1","file:/data/s780_qdb-TEI-02.xml","/data/s780_qdb-TEI-02.xml","s780_qdb-TEI-02.xml","","Done","9927800","File","xml","2026-04-23T13:20:12","false","","0"
"629","1","file:/data/s778_qdb-TEI-02.xml","/data/s778_qdb-TEI-02.xml","s778_qdb-TEI-02.xml","","Done","8507922","File","xml","2026-04-23T13:20:12","false","","0"
"630","1","file:/data/s781_qdb-TEI-02.xml","/data/s781_qdb-TEI-02.xml","s781_qdb-TEI-02.xml","","Done","6961918","File","xml","2026-04-23T13:20:12","false","","0"
"631","1","file:/data/s783_qdb-TEI-02.xml","/data/s783_qdb-TEI-02.xml","s783_qdb-TEI-02.xml","","Done","10720754","File","xml","2026-04-23T13:20:12","false","","0"
"632","1","file:/data/s785_qdb-TEI-02.xml","/data/s785_qdb-TEI-02.xml","s785_qdb-TEI-02.xml","","Done","10797135","File","xml","2026-04-23T13:20:13","false","","0"
"633","1","file:/data/s784_qdb-TEI-02.xml","/data/s784_qdb-TEI-02.xml","s784_qdb-TEI-02.xml","","Done","10732955","File","xml","2026-04-23T13:20:12","false","","0"
"634","1","file:/data/s786_qdb-TEI-02.xml","/data/s786_qdb-TEI-02.xml","s786_qdb-TEI-02.xml","","Done","8923218","File","xml","2026-04-23T13:20:13","false","","0"
"635","1","file:/data/s782_qdb-TEI-02.xml","/data/s782_qdb-TEI-02.xml","s782_qdb-TEI-02.xml","","Done","8554620","File","xml","2026-04-23T13:20:12","false","","0"
"636","1","file:/data/s787_qdb-TEI-02.xml","/data/s787_qdb-TEI-02.xml","s787_qdb-TEI-02.xml","","Done","4878637","File","xml","2026-04-23T13:20:13","false","","0"
"637","1","file:/data/s788_qdb-TEI-02.xml","/data/s788_qdb-TEI-02.xml","s788_qdb-TEI-02.xml","","Done","4758935","File","xml","2026-04-23T13:20:13","false","","0"
"638","1","file:/data/s791_qdb-TEI-02.xml","/data/s791_qdb-TEI-02.xml","s791_qdb-TEI-02.xml","","Done","7640953","File","xml","2026-04-23T13:20:13","false","","0"
"639","1","file:/data/s790_qdb-TEI-02.xml","/data/s790_qdb-TEI-02.xml","s790_qdb-TEI-02.xml","","Done","8946697","File","xml","2026-04-23T13:20:13","false","","0"
"640","1","file:/data/s792_qdb-TEI-02.xml","/data/s792_qdb-TEI-02.xml","s792_qdb-TEI-02.xml","","Done","9834615","File","xml","2026-04-23T13:20:14","false","","0"
"641","1","file:/data/s789_qdb-TEI-02.xml","/data/s789_qdb-TEI-02.xml","s789_qdb-TEI-02.xml","","Done","5687489","File","xml","2026-04-23T13:20:13","false","","0"
"642","1","file:/data/s794_qdb-TEI-02.xml","/data/s794_qdb-TEI-02.xml","s794_qdb-TEI-02.xml","","Done","8584635","File","xml","2026-04-23T13:20:14","false","","0"
"643","1","file:/data/s793_qdb-TEI-02.xml","/data/s793_qdb-TEI-02.xml","s793_qdb-TEI-02.xml","","Done","11571594","File","xml","2026-04-23T13:20:14","false","","0"
"644","1","file:/data/s795_qdb-TEI-02.xml","/data/s795_qdb-TEI-02.xml","s795_qdb-TEI-02.xml","","Done","12339204","File","xml","2026-04-23T13:20:14","false","","0"
"645","1","file:/data/s797_qdb-TEI-02.xml","/data/s797_qdb-TEI-02.xml","s797_qdb-TEI-02.xml","","Done","11608851","File","xml","2026-04-23T13:20:14","false","","0"
"646","1","file:/data/s796_qdb-TEI-02.xml","/data/s796_qdb-TEI-02.xml","s796_qdb-TEI-02.xml","","Done","9808949","File","xml","2026-04-23T13:20:14","false","","0"
"647","1","file:/data/s798_qdb-TEI-02.xml","/data/s798_qdb-TEI-02.xml","s798_qdb-TEI-02.xml","","Done","6951042","File","xml","2026-04-23T13:20:15","false","","0"
"648","1","file:/data/s799_qdb-TEI-02.xml","/data/s799_qdb-TEI-02.xml","s799_qdb-TEI-02.xml","","Done","7139546","File","xml","2026-04-23T13:20:15","false","","0"
"649","1","file:/data/s802_qdb-TEI-02.xml","/data/s802_qdb-TEI-02.xml","s802_qdb-TEI-02.xml","","Done","9789057","File","xml","2026-04-23T13:20:15","false","","0"
"650","1","file:/data/s801_qdb-TEI-02.xml","/data/s801_qdb-TEI-02.xml","s801_qdb-TEI-02.xml","","Done","7552850","File","xml","2026-04-23T13:20:15","false","","0"
"651","1","file:/data/s803_qdb-TEI-02.xml","/data/s803_qdb-TEI-02.xml","s803_qdb-TEI-02.xml","","Done","8809856","File","xml","2026-04-23T13:20:15","false","","0"
"652","1","file:/data/s800_qdb-TEI-02.xml","/data/s800_qdb-TEI-02.xml","s800_qdb-TEI-02.xml","","Done","9390316","File","xml","2026-04-23T13:20:15","false","","0"
"653","1","file:/data/s806_qdb-TEI-02.xml","/data/s806_qdb-TEI-02.xml","s806_qdb-TEI-02.xml","","Done","11779266","File","xml","2026-04-23T13:20:16","false","","0"
"654","1","file:/data/s804_qdb-TEI-02.xml","/data/s804_qdb-TEI-02.xml","s804_qdb-TEI-02.xml","","Done","10679227","File","xml","2026-04-23T13:20:16","false","","0"
"655","1","file:/data/s805_qdb-TEI-02.xml","/data/s805_qdb-TEI-02.xml","s805_qdb-TEI-02.xml","","Done","11256589","File","xml","2026-04-23T13:20:16","false","","0"
"656","1","file:/data/s807_qdb-TEI-02.xml","/data/s807_qdb-TEI-02.xml","s807_qdb-TEI-02.xml","","Done","7807435","File","xml","2026-04-23T13:20:16","false","","0"
"657","1","file:/data/s809_qdb-TEI-02.xml","/data/s809_qdb-TEI-02.xml","s809_qdb-TEI-02.xml","","Done","9997987","File","xml","2026-04-23T13:20:16","false","","0"
"658","1","file:/data/s808_qdb-TEI-02.xml","/data/s808_qdb-TEI-02.xml","s808_qdb-TEI-02.xml","","Done","8405423","File","xml","2026-04-23T13:20:16","false","","0"
"659","1","file:/data/s810_qdb-TEI-02.xml","/data/s810_qdb-TEI-02.xml","s810_qdb-TEI-02.xml","","Done","9429654","File","xml","2026-04-23T13:20:17","false","","0"
"660","1","file:/data/s811_qdb-TEI-02.xml","/data/s811_qdb-TEI-02.xml","s811_qdb-TEI-02.xml","","Done","10009543","File","xml","2026-04-23T13:20:17","false","","0"
"661","1","file:/data/s812_qdb-TEI-02.xml","/data/s812_qdb-TEI-02.xml","s812_qdb-TEI-02.xml","","Done","9086277","File","xml","2026-04-23T13:20:17","false","","0"
"662","1","file:/data/s814_qdb-TEI-02.xml","/data/s814_qdb-TEI-02.xml","s814_qdb-TEI-02.xml","","Done","9362659","File","xml","2026-04-23T13:20:17","false","","0"
"663","1","file:/data/s813_qdb-TEI-02.xml","/data/s813_qdb-TEI-02.xml","s813_qdb-TEI-02.xml","","Done","7657812","File","xml","2026-04-23T13:20:17","false","","0"
"664","1","file:/data/u816_qdb-TEI-02.xml","/data/u816_qdb-TEI-02.xml","u816_qdb-TEI-02.xml","","Done","7524064","File","xml","2026-04-23T13:20:18","false","","0"
"665","1","file:/data/u817_qdb-TEI-02.xml","/data/u817_qdb-TEI-02.xml","u817_qdb-TEI-02.xml","","Done","3663501","File","xml","2026-04-23T13:20:18","false","","0"
"666","1","file:/data/s815_qdb-TEI-02.xml","/data/s815_qdb-TEI-02.xml","s815_qdb-TEI-02.xml","","Done","6841788","File","xml","2026-04-23T13:20:17","false","","0"
"667","1","file:/data/u818_qdb-TEI-02.xml","/data/u818_qdb-TEI-02.xml","u818_qdb-TEI-02.xml","","Done","6186500","File","xml","2026-04-23T13:20:18","false","","0"
"668","1","file:/data/u819_qdb-TEI-02.xml","/data/u819_qdb-TEI-02.xml","u819_qdb-TEI-02.xml","","Done","7651880","File","xml","2026-04-23T13:20:18","false","","0"
"669","1","file:/data/w820_qdb-TEI-02.xml","/data/w820_qdb-TEI-02.xml","w820_qdb-TEI-02.xml","","Done","10496740","File","xml","2026-04-23T13:20:18","false","","0"
"670","1","file:/data/w823_qdb-TEI-02.xml","/data/w823_qdb-TEI-02.xml","w823_qdb-TEI-02.xml","","Done","11197645","File","xml","2026-04-23T13:20:18","false","","0"
"671","1","file:/data/w822_qdb-TEI-02.xml","/data/w822_qdb-TEI-02.xml","w822_qdb-TEI-02.xml","","Done","8897147","File","xml","2026-04-23T13:20:18","false","","0"
"672","1","file:/data/w825_qdb-TEI-02.xml","/data/w825_qdb-TEI-02.xml","w825_qdb-TEI-02.xml","","Done","10817393","File","xml","2026-04-23T13:20:19","false","","0"
"673","1","file:/data/w821_qdb-TEI-02.xml","/data/w821_qdb-TEI-02.xml","w821_qdb-TEI-02.xml","","Done","9563533","File","xml","2026-04-23T13:20:18","false","","0"
"674","1","file:/data/w824_qdb-TEI-02.xml","/data/w824_qdb-TEI-02.xml","w824_qdb-TEI-02.xml","","Done","9585658","File","xml","2026-04-23T13:20:19","false","","0"
"675","1","file:/data/w826_qdb-TEI-02.xml","/data/w826_qdb-TEI-02.xml","w826_qdb-TEI-02.xml","","Done","11255602","File","xml","2026-04-23T13:20:19","false","","0"
"676","1","file:/data/w828_qdb-TEI-02.xml","/data/w828_qdb-TEI-02.xml","w828_qdb-TEI-02.xml","","Done","11076584","File","xml","2026-04-23T13:20:19","false","","0"
"677","1","file:/data/w827_qdb-TEI-02.xml","/data/w827_qdb-TEI-02.xml","w827_qdb-TEI-02.xml","","Done","9934648","File","xml","2026-04-23T13:20:19","false","","0"
"678","1","file:/data/w831_qdb-TEI-02.xml","/data/w831_qdb-TEI-02.xml","w831_qdb-TEI-02.xml","","Done","7026948","File","xml","2026-04-23T13:20:20","false","","0"
"679","1","file:/data/w829_qdb-TEI-02.xml","/data/w829_qdb-TEI-02.xml","w829_qdb-TEI-02.xml","","Done","11321592","File","xml","2026-04-23T13:20:20","false","","0"
"680","1","file:/data/w832_qdb-TEI-02.xml","/data/w832_qdb-TEI-02.xml","w832_qdb-TEI-02.xml","","Done","7236879","File","xml","2026-04-23T13:20:20","false","","0"
"681","1","file:/data/w830_qdb-TEI-02.xml","/data/w830_qdb-TEI-02.xml","w830_qdb-TEI-02.xml","","Done","9513138","File","xml","2026-04-23T13:20:20","false","","0"
"682","1","file:/data/w834_qdb-TEI-02.xml","/data/w834_qdb-TEI-02.xml","w834_qdb-TEI-02.xml","","Done","10033503","File","xml","2026-04-23T13:20:20","false","","0"
"683","1","file:/data/w833_qdb-TEI-02.xml","/data/w833_qdb-TEI-02.xml","w833_qdb-TEI-02.xml","","Done","8940418","File","xml","2026-04-23T13:20:20","false","","0"
"684","1","file:/data/w835_qdb-TEI-02.xml","/data/w835_qdb-TEI-02.xml","w835_qdb-TEI-02.xml","","Done","7570577","File","xml","2026-04-23T13:20:21","false","","0"
"685","1","file:/data/w836_qdb-TEI-02.xml","/data/w836_qdb-TEI-02.xml","w836_qdb-TEI-02.xml","","Done","9364688","File","xml","2026-04-23T13:20:21","false","","0"
"686","1","file:/data/w838_qdb-TEI-02.xml","/data/w838_qdb-TEI-02.xml","w838_qdb-TEI-02.xml","","Done","7382600","File","xml","2026-04-23T13:20:21","false","","0"
"687","1","file:/data/w839_qdb-TEI-02.xml","/data/w839_qdb-TEI-02.xml","w839_qdb-TEI-02.xml","","Done","9014803","File","xml","2026-04-23T13:20:21","false","","0"
"688","1","file:/data/w837_qdb-TEI-02.xml","/data/w837_qdb-TEI-02.xml","w837_qdb-TEI-02.xml","","Done","8495631","File","xml","2026-04-23T13:20:21","false","","0"
"689","1","file:/data/w843_qdb-TEI-02.xml","/data/w843_qdb-TEI-02.xml","w843_qdb-TEI-02.xml","","Done","9380768","File","xml","2026-04-23T13:20:22","false","","0"
"690","1","file:/data/w841_qdb-TEI-02.xml","/data/w841_qdb-TEI-02.xml","w841_qdb-TEI-02.xml","","Done","9291650","File","xml","2026-04-23T13:20:22","false","","0"
"691","1","file:/data/w840_qdb-TEI-02.xml","/data/w840_qdb-TEI-02.xml","w840_qdb-TEI-02.xml","","Done","9818480","File","xml","2026-04-23T13:20:21","false","","0"
"692","1","file:/data/w844_qdb-TEI-02.xml","/data/w844_qdb-TEI-02.xml","w844_qdb-TEI-02.xml","","Done","10342398","File","xml","2026-04-23T13:20:22","false","","0"
"693","1","file:/data/w845_qdb-TEI-02.xml","/data/w845_qdb-TEI-02.xml","w845_qdb-TEI-02.xml","","Done","11094293","File","xml","2026-04-23T13:20:22","false","","0"
"694","1","file:/data/w842_qdb-TEI-02.xml","/data/w842_qdb-TEI-02.xml","w842_qdb-TEI-02.xml","","Done","9937433","File","xml","2026-04-23T13:20:22","false","","0"
"695","1","file:/data/w847_qdb-TEI-02.xml","/data/w847_qdb-TEI-02.xml","w847_qdb-TEI-02.xml","","Done","12539990","File","xml","2026-04-23T13:20:23","false","","0"
"696","1","file:/data/w846_qdb-TEI-02.xml","/data/w846_qdb-TEI-02.xml","w846_qdb-TEI-02.xml","","Done","8536432","File","xml","2026-04-23T13:20:22","false","","0"
"697","1","file:/data/w849_qdb-TEI-02.xml","/data/w849_qdb-TEI-02.xml","w849_qdb-TEI-02.xml","","Done","8499343","File","xml","2026-04-23T13:20:23","false","","0"
"698","1","file:/data/w848_qdb-TEI-02.xml","/data/w848_qdb-TEI-02.xml","w848_qdb-TEI-02.xml","","Done","10327658","File","xml","2026-04-23T13:20:23","false","","0"
"699","1","file:/data/w850_qdb-TEI-02.xml","/data/w850_qdb-TEI-02.xml","w850_qdb-TEI-02.xml","","Done","5024403","File","xml","2026-04-23T13:20:23","false","","0"
"700","1","file:/data/w853_qdb-TEI-02.xml","/data/w853_qdb-TEI-02.xml","w853_qdb-TEI-02.xml","","Done","7930657","File","xml","2026-04-23T13:20:24","false","","0"
"701","1","file:/data/w855_qdb-TEI-02.xml","/data/w855_qdb-TEI-02.xml","w855_qdb-TEI-02.xml","","Done","10988744","File","xml","2026-04-23T13:20:24","false","","0"
"702","1","file:/data/w851_qdb-TEI-02.xml","/data/w851_qdb-TEI-02.xml","w851_qdb-TEI-02.xml","","Done","9037963","File","xml","2026-04-23T13:20:23","false","","0"
"703","1","file:/data/w854_qdb-TEI-02.xml","/data/w854_qdb-TEI-02.xml","w854_qdb-TEI-02.xml","","Done","9022225","File","xml","2026-04-23T13:20:24","false","","0"
"704","1","file:/data/w852_qdb-TEI-02.xml","/data/w852_qdb-TEI-02.xml","w852_qdb-TEI-02.xml","","Done","8813771","File","xml","2026-04-23T13:20:23","false","","0"
"705","1","file:/data/w856_qdb-TEI-02.xml","/data/w856_qdb-TEI-02.xml","w856_qdb-TEI-02.xml","","Done","9396487","File","xml","2026-04-23T13:20:24","false","","0"
"706","1","file:/data/w858_qdb-TEI-02.xml","/data/w858_qdb-TEI-02.xml","w858_qdb-TEI-02.xml","","Done","13375032","File","xml","2026-04-23T13:20:24","false","","0"
"707","1","file:/data/w857_qdb-TEI-02.xml","/data/w857_qdb-TEI-02.xml","w857_qdb-TEI-02.xml","","Done","12618468","File","xml","2026-04-23T13:20:24","false","","0"
"708","1","file:/data/w860_qdb-TEI-02.xml","/data/w860_qdb-TEI-02.xml","w860_qdb-TEI-02.xml","","Done","10285852","File","xml","2026-04-23T13:20:25","false","","0"
"709","1","file:/data/w862_qdb-TEI-02.xml","/data/w862_qdb-TEI-02.xml","w862_qdb-TEI-02.xml","","Done","11186819","File","xml","2026-04-23T13:20:25","false","","0"
"710","1","file:/data/w861_qdb-TEI-02.xml","/data/w861_qdb-TEI-02.xml","w861_qdb-TEI-02.xml","","Done","14315997","File","xml","2026-04-23T13:20:25","false","","0"
"711","1","file:/data/w859_qdb-TEI-02.xml","/data/w859_qdb-TEI-02.xml","w859_qdb-TEI-02.xml","","Done","11648057","File","xml","2026-04-23T13:20:25","false","","0"
"712","1","file:/data/w863_qdb-TEI-02.xml","/data/w863_qdb-TEI-02.xml","w863_qdb-TEI-02.xml","","Done","12297150","File","xml","2026-04-23T13:20:25","false","","0"
"713","1","file:/data/w864_qdb-TEI-02.xml","/data/w864_qdb-TEI-02.xml","w864_qdb-TEI-02.xml","","Done","12531695","File","xml","2026-04-23T13:20:26","false","","0"
"714","1","file:/data/w865_qdb-TEI-02.xml","/data/w865_qdb-TEI-02.xml","w865_qdb-TEI-02.xml","","Done","10374503","File","xml","2026-04-23T13:20:26","false","","0"
"715","1","file:/data/z867_qdb-TEI-02.xml","/data/z867_qdb-TEI-02.xml","z867_qdb-TEI-02.xml","","Done","13041506","File","xml","2026-04-23T13:20:26","false","","0"
"716","1","file:/data/z869_qdb-TEI-02.xml","/data/z869_qdb-TEI-02.xml","z869_qdb-TEI-02.xml","","Done","11772738","File","xml","2026-04-23T13:20:27","false","","0"
"717","1","file:/data/z868_qdb-TEI-02.xml","/data/z868_qdb-TEI-02.xml","z868_qdb-TEI-02.xml","","Done","9889130","File","xml","2026-04-23T13:20:27","false","","0"
"718","1","file:/data/z866_qdb-TEI-02.xml","/data/z866_qdb-TEI-02.xml","z866_qdb-TEI-02.xml","","Done","13956831","File","xml","2026-04-23T13:20:26","false","","0"
"719","1","file:/data/z870_qdb-TEI-02.xml","/data/z870_qdb-TEI-02.xml","z870_qdb-TEI-02.xml","","Done","10878173","File","xml","2026-04-23T13:20:27","false","","0"
"720","1","file:/data/z871_qdb-TEI-02.xml","/data/z871_qdb-TEI-02.xml","z871_qdb-TEI-02.xml","","Done","9127041","File","xml","2026-04-23T13:20:27","false","","0"
"721","1","file:/data/z872_qdb-TEI-02.xml","/data/z872_qdb-TEI-02.xml","z872_qdb-TEI-02.xml","","Done","12005450","File","xml","2026-04-23T13:20:27","false","","0"
"722","1","file:/data/z873_qdb-TEI-02.xml","/data/z873_qdb-TEI-02.xml","z873_qdb-TEI-02.xml","","Done","9345638","File","xml","2026-04-23T13:20:28","false","","0"
"723","1","file:/data/z874_qdb-TEI-02.xml","/data/z874_qdb-TEI-02.xml","z874_qdb-TEI-02.xml","","Done","10397147","File","xml","2026-04-23T13:20:28","false","","0"
"724","1","file:/data/z876_qdb-TEI-02.xml","/data/z876_qdb-TEI-02.xml","z876_qdb-TEI-02.xml","","Done","10363968","File","xml","2026-04-23T13:20:28","false","","0"
"725","1","file:/data/z878_qdb-TEI-02.xml","/data/z878_qdb-TEI-02.xml","z878_qdb-TEI-02.xml","","Done","11761812","File","xml","2026-04-23T13:20:29","false","","0"
"726","1","file:/data/z875_qdb-TEI-02.xml","/data/z875_qdb-TEI-02.xml","z875_qdb-TEI-02.xml","","Done","10029780","File","xml","2026-04-23T13:20:28","false","","0"
"727","1","file:/data/z877_qdb-TEI-02.xml","/data/z877_qdb-TEI-02.xml","z877_qdb-TEI-02.xml","","Done","9601842","File","xml","2026-04-23T13:20:28","false","","0"
"728","1","file:/data/z880_qdb-TEI-02.xml","/data/z880_qdb-TEI-02.xml","z880_qdb-TEI-02.xml","","Done","7062322","File","xml","2026-04-23T13:20:29","false","","0"
"729","1","file:/data/z879_qdb-TEI-02.xml","/data/z879_qdb-TEI-02.xml","z879_qdb-TEI-02.xml","","Done","11797399","File","xml","2026-04-23T13:20:29","false","","0"
"730","1","file:/data/z881_qdb-TEI-02.xml","/data/z881_qdb-TEI-02.xml","z881_qdb-TEI-02.xml","","Done","8757721","File","xml","2026-04-23T13:20:29","false","","0"
"731","1","file:/data/z882_qdb-TEI-02.xml","/data/z882_qdb-TEI-02.xml","z882_qdb-TEI-02.xml","","Done","9762335","File","xml","2026-04-23T13:20:29","false","","0"
"732","1","file:/data/z883_qdb-TEI-02.xml","/data/z883_qdb-TEI-02.xml","z883_qdb-TEI-02.xml","","Done","7622547","File","xml","2026-04-23T13:20:30","false","","0"
"733","1","file:/data/dboe_orig_xml.xpr","/data/dboe_orig_xml.xpr","dboe_orig_xml.xpr","Signature","Done","315","File","xpr","2026-05-06T11:29:25","true","","1","fmt/101","application/xml, text/xml","Extensible Markup Language","1.0"
"734","1","file:/data/z885_qdb-TEI-02.xml","/data/z885_qdb-TEI-02.xml","z885_qdb-TEI-02.xml","","Done","9157800","File","xml","2026-04-23T13:20:30","false","","0"
"735","1","file:/data/z884_qdb-TEI-02.xml","/data/z884_qdb-TEI-02.xml","z884_qdb-TEI-02.xml","","Done","9003365","File","xml","2026-04-23T13:20:30","false","","0"
